species,chromnum.1n,chromnum.source,chromnum.database,is.estimate
Acanthochromis polyacanthus,24,"Arai, R. (2011). Fish karyotypes: a check list. Springer Science & Business Media.","Rom·n?Palacios, C., Medina, C. A., Zhan, S. H., & Barker, M. S. (2021). Animal chromosome counts reveal a similar range of chromosome numbers but with less polyploidy in animals compared to flowering plants. Journal of Evolutionary Biology, 34(8), 1333ñ1339. https://doi.org/10.1111/jeb.13884",TRUE
Accipiter nisus,33,"Venturini, G., R. D'Ambrogi, and E. Capanna (1986). Size and structure of the bird genome. I. DNA content of 48 species of Neognathae.. Comparative Biochemistry and Physiology 85B: 61-65.",,
Ailuropoda melanoleuca,21,"Yang, H. (2010). Sequencing and analysis of the giant panda genome. Science China.Life Sciences, 53(8), 1047-1048. https://doi.org/10.1007/s11427-010-4046-9",,
Amazona collaria,35,"de Oliveira Furo, I., Kretschmer, R., dos Santos, M. S., de Lima Carvalho, C. A., Gunski, R. J., OÔøΩBrien, P. C. M., Ferguson-Smith, M. A., Cioffi, M. B., & de Oliveira, E. H. C. (2017). Chromosomal Mapping of Repetitive DNAs in Myiopsitta monachus and Amazona aestiva (Psittaciformes, Psittacidae) with Emphasis on the Sex Chromosomes. Cytogenetic and Genome Research, 151(3), 151ÔøΩ160. https://doi.org/10.1159/000464458",,
Amphilophus citrinellus,24,"Thompson, K. W. (1979). Cytotaxonomy of 41 Species of Neotropical Cichlidae. Copeia, 1979(4), 679. https://doi.org/10.2307/1443877",,
Amphiprion ocellaris,24,"Arai R. (2011) Fish Karyotypes, Springer.",,
Amphiprion percula,24,"Arai R. (2011) Fish Karyotypes, Springer.Lehmann, R., Lightfoot, D. J., Schunter, C., Michell, C. T., Ohyanagi, H., Mineta, K., Foret, S., Berumen, M. L., Miller, D. J., Aranda, M., Gojobori, T., Munday, P. L., & Ravasi, T. (2019). Finding Nemo‚Äôs Genes: A chromosome-scale reference assembly of the genome of the orange clownfish Amphiprion percula. Molecular Ecology Resources, 19(3), 570‚Äì585. https://doi.org/10.1111/1755-0998.12939",,
Anabas testudineus,23,"Kushwaha, B., N. S. Nagpure, S. Srivastava, M. Pandey, R. Kumar, S. Raizada, S. Agarwal, M. Singh, V. S. Basheer, R. G. Kumar, P. Das, S. P. Das, S. Patnaik, A. Bit, S. K. Srivastava, A. L. Vishwakarma, C. G. Joshi, D. Kumar, and J. K. Jena (2023). Genome size estimation and its associations with body length, chromosome number and evolution in teleost fishes. Gene 864: 147294.",,
Anas platyrhynchos,40,"WÔøΩjcik, E., & Smalec, E. (2007). Description of the Mallard Duck (Anas platyrhynchos) Karyotype. Folia Biologica, 55(3), 115ÔøΩ120. https://doi.org/10.3409/173491607781492588",,
Anas zonorhyncha,40,"Abu-Almaaty, A., Hassan, M., El-Bakary, N., & Ahmed, S. (2019). Chromosomal evolution and molecular genetic analysis of four species of genus Anas (Aves: Anatidae). Genetika, 51(1), 103ÔøΩ119. https://doi.org/10.2298/gensr1901103a",,
Anolis carolinensis,18,"Olmo, E. (1976). Genome size in some reptiles. Journal of Experimental Zoology 195: 305-308",,
Anser brachyrhynchus,40,"Andraszek, K., Smalec, E., & ?ukasz, W. (2007). Description of G bands on the chromosomes of the European domestic goose (Anser anser). European Poultry Science, 71(6).",,
Anser cygnoides,40,"B. Islam, F., Uno, Y., Nunome, M., Nishimura, O., Tarui, H., Agata, K., & Matsuda, Y. (2014). Comparison of the Chromosome Structures between the Chicken and Three Anserid Species, the Domestic Duck (Anas platyrhynchos), Muscovy Duck (Cairina moschata), and Chinese Goose (Anser cygnoides), and the Delineation of their Karyotype Evolution by Comparative Chromosome Mapping. The Journal of Poultry Science, 51(1), 1‚Äì13. https://doi.org/10.2141/jpsa.0130090",,
Aotus nancymaae,27,"Kumamoto, A. T., & Houck, M. L. (2001). CYTOGENETIC IDENTIFICATION OF A HYBRID OWL MONKEY, AOTUS LEMURINUS GRISEIMEMBRA. Journal of Zoo and Wildlife Medicine, 32(1), 130ÔøΩ133. https://doi.org/10.1638/1042-7260(2001)032[0130:cioaho]2.0.co;2",,
Apteryx haastii,40,De Boer 1980a,"Degrandi T, M, Barcellos S, A, Costa A, L, Garnero A, D, V, Hass I, Gunski R, J: Introducing the Bird Chromosome Database: An Overview of Cytogenetic Studies in Birds. Cytogenet Genome Res 2020. doi: 10.1159/000507768",TRUE
Apteryx owenii,40,De Boer 1980a,"Degrandi T, M, Barcellos S, A, Costa A, L, Garnero A, D, V, Hass I, Gunski R, J: Introducing the Bird Chromosome Database: An Overview of Cytogenetic Studies in Birds. Cytogenet Genome Res 2020. doi: 10.1159/000507768",TRUE
Apteryx rowi,40,De Boer 1980a,"Degrandi T, M, Barcellos S, A, Costa A, L, Garnero A, D, V, Hass I, Gunski R, J: Introducing the Bird Chromosome Database: An Overview of Cytogenetic Studies in Birds. Cytogenet Genome Res 2020. doi: 10.1159/000507768",TRUE
Aquila chrysaetos chrysaetos,31,"Noro, M., Kurose, N., Nishida-Umehara, C., Takechi, H., Yamazaki, T., Kosuge, M., & Yoshida, M. C. (1990). Genetic characteristics of endangered Japanese golden eagles (Aquila chrysaetos japonica) based on mitochondrial DNA D-loop sequences and karyotypes. Zoo Biology, 17. https://doi.org/10.1002/(SICI)1098-2361(1998)17:2%3C111::AID-ZOO6%3E3.0.CO;2-C",,
Astatotilapia calliptera,20,"Kuroiwa, A., Terai, Y., Kobayashi, N., Yoshida, K., Suzuki, M., Nakanishi, A., Matsuda, Y., Watanabe, M., & Okada, N. (2013b). Construction of Chromosome Markers from the Lake Victoria Cichlid Paralabidochromis chilotes and Their Application to Comparative Mapping. Cytogenetic and Genome Research, 142(2), 112ÔøΩ120. https://doi.org/10.1159/000356128",,
Astyanax mexicanus,25,"Kavalco, K. F., & De Almeida-Toledo, L. F. (2007). Molecular Cytogenetics of Blind Mexican Tetra and Comments on the Karyotypic Characteristics of GenusAstyanax(Teleostei, Characidae). Zebrafish, 4(2), 103‚Äì111. https://doi.org/10.1089/zeb.2007.0505",,
Athene cunicularia,42,"Nogueira, D. M., & Alves, M. A. S. (2011). A case of leucism in the burrowing owl Athene cunicularia (Aves: Strigiformes) with confirmation of species identity using cytogenetic analysis. Zoologia (Curitiba), 28(1), 53ÔøΩ57. https://doi.org/10.1590/s1984-46702011000100008",,
Balaenoptera musculus,22,"√Årnason, √ö., Spilliaert, R., P√°lsd√≥ttir, √Å., & √Årnason, A. (1991). Molecular identification of hybrids between the two largest whale species, the blue whale (Balaenoptera musculus) and the fin whale (B. physalus). Hereditas, 115(2), 183‚Äì189. https://doi.org/10.1111/j.1601-5223.1991.tb03554.x",,
Betta splendens,21,"Hinegardner, R. and D.E. Rosen (1972). Cellular DNA content and the evolution of teleostean fishes. American Naturalist 106: 621-644.",,
Bison bison bison,30,"Eapen, K.J. and M.M. Raza Nasir (1964). Deoxyribonucleic acid in hariana, buffalo and ram semen - part I.. Indian Journal of Dairy Science 17: 107-108.",,
Bos grunniens,30,"Popescu, C. P. (1969). Idiograms of yak (Bos grunniens), cattle (Bos Taurus) and their hybrid. Genetics Selection Evolution, 1(3), 207. https://doi.org/10.1186/1297-9686-1-3-207",,
Bos mutus,30,"Popescu, C. P. (1969). Idiograms of yak (Bos grunniens), cattle (Bos Taurus) and their hybrid. Genetics Selection Evolution, 1(3), 207. https://doi.org/10.1186/1297-9686-1-3-207",,
Bos taurus,30,"Vinogradov, A.E. (1998a). Genome size and GC-percent in vertebrates as determined by flow cytometry: the triangular relationship. Cytometry 31: 100-109.",,
Bubo bubo,40,"Venturini, G., R. D'Ambrogi, and E. Capanna (1986). Size and structure of the bird genome. I. DNA content of 48 species of Neognathae.. Comparative Biochemistry and Physiology 85B: 61-65.",,
Buteo japonicus,34,"De Vita, R., D. Cavallo, P. Eleuteri, and G. Dell'Omo (1994). Evaluation of interspecific DNA content variations and sex identification in Falconiformes and Strigiformes by flow cytometric analysis. Cytometry 16: 346-350.",,
Cairina moschata domestica,39,"Wagenmann, M., J.T. Epplen, K. Bachmann, W. Engel, and J. Schmidke (1981). DNA sequence organisation in relation to genome size in birds. Experientia 37: 1274-1276.",,
Calidris pugnax,46,"de Souza, M. S., Barcellos, S. A., Dos Santos, M. da S., Gunski, R. J., Garnero, A. D. V., de Oliveira, E. H. C., OÔøΩConnor, R. E., Griffin, D. K., & Kretschmer, R. (2022). Microchromosome BAC-FISH Reveals Different Patterns of Genome Organization in Three Charadriiformes Species. Animals : An Open Access Journal from MDPI, 12(21), 3052. https://doi.org/10.3390/ani12213051",,
Calidris pygmaea,46,"de Souza, M. S., Barcellos, S. A., Dos Santos, M. da S., Gunski, R. J., Garnero, A. D. V., de Oliveira, E. H. C., OÔøΩConnor, R. E., Griffin, D. K., & Kretschmer, R. (2022). Microchromosome BAC-FISH Reveals Different Patterns of Genome Organization in Three Charadriiformes Species. Animals : An Open Access Journal from MDPI, 12(21), 3052. https://doi.org/10.3390/ani12213052",,
Callithrix jacchus,23,"Pellicciari, C., D. Formenti, C.A. Redi, and M.G. Manfredi Romanini (1982). DNA content variability in primates. Journal of Human Evolution 11: 131-141.",,
Callorhinchus milii,29,"Arai, R. (2011). Fish karyotypes: a check list. Springer Science & Business Media.","Rom·n?Palacios, C., Medina, C. A., Zhan, S. H., & Barker, M. S. (2021). Animal chromosome counts reveal a similar range of chromosome numbers but with less polyploidy in animals compared to flowering plants. Journal of Evolutionary Biology, 34(8), 1333ñ1339. https://doi.org/10.1111/jeb.13884",TRUE
Camarhynchus parvulus,40,Jo 1983,"Degrandi T, M, Barcellos S, A, Costa A, L, Garnero A, D, V, Hass I, Gunski R, J: Introducing the Bird Chromosome Database: An Overview of Cytogenetic Studies in Birds. Cytogenet Genome Res 2020. doi: 10.1159/000507768",
Camelus dromedarius,37,"De Stefano, G.F., S. Garagna, and C.A. Redi (1982). Genome size in some species of Camelidae. Basic and Applied Histochemistry 26 Suppl.: XCII.",,
Canis lupus dingo,39,"Tiersch, T.R., R.W. Chandler, S.S. Wachtel, and S. Elias (1989a). Reference standards for flow cytometry and application in comparative studies of nuclear DNA content. Cytometry 10: 706-710.",,
Canis lupus familiaris,39,"Tiersch, T.R., R.W. Chandler, S.S. Wachtel, and S. Elias (1989a). Reference standards for flow cytometry and application in comparative studies of nuclear DNA content. Cytometry 10: 706-710.",,
Capra hircus,30,"Sumner, A.T. and R.A. Buckland (1976). Relative DNA contents of somatic nuclei of ox, sheep and goat. Chromosoma 57: 171-175.",,
Carassius auratus,50,"Hinegardner, R. and D.E. Rosen (1972). Cellular DNA content and the evolution of teleostean fishes. American Naturalist 106: 621-644.",,
Carlito syrichta,40,"Schmitz, J., Noll, A., Raabe, C. A., Churakov, G., Voss, R., Kiefmann, M., Rozhdestvensky, T., Brosius, J., Baertsch, R., Clawson, H., Roos, C., Zimin, A., Minx, P., Montague, M. J., Wilson, R. K., & Warren, W. C. (2016). Genome sequence of the basal haplorrhine primate Tarsius syrichta reveals unusual insertions. Nature Communications, 7(1). https://doi.org/10.1038/ncomms12997",,
Castor canadensis,20,"Pardo-Manuel de Villena F., Sapienza C. (2001) Female meiosis drives karyotype evolution in mammals. Genetics 159: 1179-1189.",,
Catagonus wagneri,10,"Musilova, P., Kubickova, S., Cernohorska, H., & Rubes, J. (2021b). Comparative chromosome painting in Chacoan peccary, Catagonus wagneri. Journal of Applied Genetics, 62(2). https://doi.org/10.1007/s13353-021-00619-2",,
Catharus ustulatus,40,Udagawa 1957; De Lucca 1974b; Udagawa 1955b; Yamashina 1951; Li 1989; Bulatova et al. 1971; Giannoni et al. 1990; Hammar 1970; Jovanovic and Atkins 1969a; Bulatova and Panov 1973,"Degrandi T, M, Barcellos S, A, Costa A, L, Garnero A, D, V, Hass I, Gunski R, J: Introducing the Bird Chromosome Database: An Overview of Cytogenetic Studies in Birds. Cytogenet Genome Res 2020. doi: 10.1159/000507768",TRUE
Cavia aperea,32,"Walker, L., Soto, M. A., & Spotorno, ÔøΩ. E. (2014). Similarities and differences among the chromosomes of the wild guinea pig Cavia tschudii and the domestic guinea pig Cavia porcellus (Rodentia, Caviidae). Comparative Cytogenetics, 8(2), 153ÔøΩ167. https://doi.org/10.3897/compcytogen.v8i2.7509",,
Cavia porcellus,32,"Vinogradov, A.E. (1998a). Genome size and GC-percent in vertebrates as determined by flow cytometry: the triangular relationship. Cytometry 31: 100-109.",,
Cebus imitator,27,"Amaral, P. J. S., Finotelo, L. F. M., De, C., Pissinatti, A., Nagamachi, C. Y., & Pieczarka, J. C. (2008). Phylogenetic studies of the genus Cebus(Cebidae-Primates) using chromosome painting and G-banding. BMC Evolutionary Biology, 8(1). https://doi.org/10.1186/1471-2148-8-169",,
Cercocebus atys,21,"Pellicciari, C., D. Formenti, C.A. Redi, and M.G. Manfredi Romanini (1982). DNA content variability in primates. Journal of Human Evolution 11: 131-141.",,
Cervus hanglu yarkandensis,34,"Ba, H., Cai, Z., Gao, H., Qin, T., Liu, W., Xie, L., Zhang, Y., Jing, B., Wang, D., & Li, C. (2020). Chromosome-level genome assembly of Tarim red deer, Cervus elaphus yarkandensis. Scientific Data, 7(1). https://doi.org/10.1038/s41597-020-0537-0",,
Chelonoidis abingdonii,26,"Clemente, L., Mazzoleni, S., Pensabene Bellavia, E., AugstenovÔøΩ, B., Auer, M., Praschag, P., Protiva, T., VelenskÔøΩ, P., Wagner, P., Fritz, U., KratochvÔøΩl, L., & Rovatsos, M. (2020). Interstitial Telomeric Repeats Are Rare in Turtles. Genes, 11(6), 657. https://doi.org/10.3390/genes11060657",,
Chelydra serpentina,26,"Olmo, E. (1976). Genome size in some reptiles. Journal of Experimental Zoology 195: 305-310.",,
Chinchilla lanigera,32,"Bachmann, K. (1972). Genome size in mammals. Chromosoma 35: 85-93.",,
Chlorocebus sabaeus,30,"Manfredi Romanini, M.G., D. Formenti, C. Pellicciari, E. Ronchetti, and Y. Rumpler (1994). Possible meaning of C-heterochromatic DNA (ChDNA) in primates. Current Primatology, Vol. 1: Ecology and Evolution : 371-378.",,
Choloepus hoffmanni,25,"Pardo-Manuel de Villena F., Sapienza C. (2001) Female meiosis drives karyotype evolution in mammals. Genetics 159: 1179-1189.",,
Chrysemys picta bellii,25,"Vinogradov, A.E. (1998a). Genome size and GC-percent in vertebrates as determined by flow cytometry: the triangular relationship. Cytometry 31: 100-109.",,
Chrysolophus pictus,41,"Tiersch, T.R. and S.S. Wachtel (1991). On the evolution of genome size of birds. Journal of Heredity 82: 363-368.",,
Clupea harengus,26,"Ida, H., Oka, N., & Hayashigaki, K. (1991). Karyotypes and cellular DNA contents of three species of the subfamily Clupeinae. È≠öÈ°ûÂ≠¶ÈõëË™å, 38(3), 289‚Äì294. https://doi.org/10.11369/jji1950.38.289",,
Colobus angolensis palliatus,22,"Bigoni F;Stanyon R;Koehler U;Morescalchi AM;Wienberg J. (2020). Mapping homology between human and black and white colobine monkey chromosomes by fluorescent in situ hybridization. American Journal of Primatology, 42(4). https://doi.org/10.1002/(SICI)1098-2345(1997)42:4%3C289::AID-AJP4%3E3.0.CO;2-T",,
Corvus moneduloides,40,"Mittal OP;Sakhuja S. (2024). Bone marrow chromosomes in Corvus species (Corvidae: Passeriformes: Aves). Cytobios, 29(114). https://pubmed.ncbi.nlm.nih.gov/7471815/#:~:text=The%20diploid%20number%20of%2080",,
Cottoperca gobio,24,"Pisano, E., Ozouf-Costaz, C., Hureau, J-C., & Williams, R. (1995). Chromosome differentiation in the subantarctic Bovichtidae species Cottoperca gobio (GÔøΩnther, 1861) and Pseudaphritis urvillii (Valenciennes, 1832) (Pisces, Perciformes). Antarctic Science, 7(4), 381ÔøΩ386. https://doi.org/10.1017/s0954102095000526",,
Coturnix japonica,39,"Nakamura, D., T.R. Tiersch, M. Douglass, and R.W. Chandler (1990). Rapid identification of sex in birds by flow cytometry. Cytogenetics and Cell Genetics 53: 201-205.",,
Cricetulus griseus,11,"Kato, H., M. Harada, K. Tsuchiya, and K. Moriwaki (1980). Absence of correlation between DNA repair in ultraviolet irradiated mammalian cells and life span of the donor species. Japanese Journal of Genetics 55: 99-108.",,
Crocodylus porosus,17,"Olmo E., Signorino G.G. (2005) ChromoRep: A reptiles chromosomes database.",,
Cyanistes caeruleus,40,Li and Bian 1988; Castroviejo et al. 1969; Jiang et al. 1996; Bulatova 1981,"Degrandi T, M, Barcellos S, A, Costa A, L, Garnero A, D, V, Hass I, Gunski R, J: Introducing the Bird Chromosome Database: An Overview of Cytogenetic Studies in Birds. Cytogenet Genome Res 2020. doi: 10.1159/000507768",
Cyclopterus lumpus,25,"Li, M. F., & S. Clyburne. (1977). New Cell Line from the Marine Lumpfish, Cyclopterus lumpus. Journal of the Fisheries Research Board of Canada, 34(1), 134ÔøΩ139. https://doi.org/10.1139/f77-017",,
Cynoglossus semilaevis,21,"Wang, X. L., Wang, N., Sha, Z., & Chen, S. L. (2010). Establishment, characterization of a new cell line from heart of half smooth tongue sole (Cynoglossus semilaevis). Fish Physiology and Biochemistry, 36(4), 1181‚Äì1189. https://doi.org/10.1007/s10695-010-9396-5",,
Cyprinodon variegatus,24,"Duggins, C. F., Karlin, A. A., & Relyea, K. G. (1983). Electrophoretic Comparison of Cyprinodon variegatus Lac√©p√®de and Cyprinodon hubbsi Carr, with Comments on the Genus Cyprinodon (Atheriniformes: Cyprinodontidae). Northeast Gulf Science, 6(2). https://doi.org/10.18785/negs.0602.03",,
Cyprinus carpio carpio,50,"Hinegardner, R. and D.E. Rosen (1972). Cellular DNA content and the evolution of teleostean fishes. American Naturalist 106: 621-644.",,
Danio rerio,24,"Hinegardner, R. and D.E. Rosen (1972). Cellular DNA content and the evolution of teleostean fishes. American Naturalist 106: 621-644.",,
Dasypus novemcinctus,32,"Beath, M. M., Benirschke, K., & Brownhill, L. E. (1962). The chromosomes of the nine-banded armadillo, Dasypus novemcinctus. Chromosoma, 13(1), 27ÔøΩ38. https://doi.org/10.1007/bf00349617",,
Delphinapterus leucas,22,"Jarrell, G. H., & √Årnason, √ö. (2009). Banded karyotypes of a belukha whale, Delphinapterus leucas. Hereditas, 95(1), 37‚Äì41. https://doi.org/10.1111/j.1601-5223.1981.tb01326.x",,
Denticeps clupeoides,,,,
Dicentrarchus labrax,24,"Arai R. (2011) Fish Karyotypes, Springer.",,
Dipodomys ordii,37,"Hatch, F.T., A.J. Bodner, J.A. Mazrimas, and D.H. Moore (1976). Satellite DNA and cytogenetic evolution: DNA quantity, satellite DNA and karyotypic variations in kangaroo rats (Genus Dipodomys). Chromosoma 58: 155-168.",,
Dromaius novaehollandiae,40,"Nakamura, D., T.R. Tiersch, M. Douglass, and R.W. Chandler (1990). Rapid identification of sex in birds by flow cytometry. Cytogenetics and Cell Genetics 53: 201-205.",,
Echeneis naucrates,24,"Gao, T., Liu, K., Liu, Q., & Wang, D. (2024). An improved chromosome-level genome assembly and annotation of Echeneis naucrates. Scientific Data, 11(1). https://doi.org/10.1038/s41597-024-03309-w",,TRUE
Echinops telfairi,15,"SÔøΩnchez-JimÔøΩnez, I., Hidalgo, O., ÔøΩngel Canela, M., Siljak-Yakovlev, S., Edita ÔøΩoli?, M., VallÔøΩs, J., & Garnatje, T. (2012). Genome size and chromosome number in Echinops (Asteraceae, Cardueae) in the Aegean and Balkan regions: technical aspects of nuclear DNA amount assessment and genome evolution in a phylogenetic frame. Plant Systematics and Evolution, 298(6), 1085ÔøΩ1099. https://doi.org/10.1007/s00606-012-0618-4",,
Electrophorus electricus,26,"Fonteles, S. B. A., Lopes, C. E., Akama, A., Fernandes, F. M. C., Porto-Foresti, F., Senhorini, J. A., Daniel-Silva, M. de F. Z., Foresti, F., & de Almeida-Toledo, L. F. (2008). Cytogenetic characterization of the strongly electric Amazonian eel, Electrophorus electricus (Teleostei, Gymnotiformes), from the Brazilian rivers Amazon and Araguaia. 31(1 suppl), 227‚Äì230. https://doi.org/10.1590/s1415-47572008000200010",,
Eptatretus burgeri,18,"Nakai, Y., S. Kubota, Y. Goto, T. Ishibashi, W. Davison, and S. Kohno (1995). Chromosome elimination in three Baltic, south Pacific and north-east Pacific hagfish species. Chromosome Research 3: 321-330.",,
Equus asinus,31,"Vialli, M. and G. Gerzeli (1955). Il tenore di acide desossiribonucleico nei linfociti dell'asino, del cavallo e del mulo. Rendiconti Instituto Lombardo Scienze e Lettere, Sezione B 88: 273-281.",,
Equus caballus,32,"Tiersch, T.R., R.W. Chandler, S.S. Wachtel, and S. Elias (1989a). Reference standards for flow cytometry and application in comparative studies of nuclear DNA content. Cytometry 10: 706-710.",,
Erinaceus europaeus,24,"Pardo-Manuel de Villena F., Sapienza C. (2001) Female meiosis drives karyotype evolution in mammals. Genetics 159: 1179-1189.",,
Erpetoichthys calabaricus,18,"Hinegardner, R. (1976a). The cellular DNA content of sharks, rays and some other fishes. Comparative Biochemistry and Physiology 55B: 367-370.",,
Erythrura gouldiae,40,"Malinovskaya, L. P., Slobodchikova, A. Y., Grishko, E. O., Pristyazhnyuk, I. E., Torgasheva, A. A., & Borodin, P. M. (2022). Germline-Restricted Chromosomes and Autosomal Variants Revealed by Pachytene Karyotyping of 17 Avian Species. Cytogenetic and Genome Research, 162(3), 148ÔøΩ160. https://doi.org/10.1159/000524681",,
Esox lucius,25,"Vinogradov, A.E. (1998a). Genome size and GC-percent in vertebrates as determined by flow cytometry: the triangular relationship. Cytometry 31: 100-109.",,
Falco tinnunculus,26,"Mingli, W., & Fengying, C. (1998). Study on karyotype of Hobby (Falco subbuteo) and Kestrel (Falco tinnunculus). Journal of Forestry Research, 9(2), 108‚Äì110. https://doi.org/10.1007/bf02864996",,
Felis catus,19,"Vinogradov, A.E. (1998a). Genome size and GC-percent in vertebrates as determined by flow cytometry: the triangular relationship. Cytometry 31: 100-109.",,
Ficedula albicollis,40,"Malinovskaya, L. P., Slobodchikova, A. Y., Grishko, E. O., Pristyazhnyuk, I. E., Torgasheva, A. A., & Borodin, P. M. (2022b). Germline-Restricted Chromosomes and Autosomal Variants Revealed by Pachytene Karyotyping of 17 Avian Species. Cytogenetic and Genome Research, 162(3), 148ÔøΩ160. https://doi.org/10.1159/000524681",,
Fukomys damarensis,40,"McDonough, M. M., & Soteri-Caio, C. (2019). New Karyotypic Information for Small Mammals from Botswana with Implications for Regional Biogeography. ResearchGate. https://www.researchgate.net/publication/337669462_New_Karyotypic_Information_for_Small_Mammals_from_Botswana_with_Implications_for_Regional_Biogeography",,
Fundulus heteroclitus,24,"Hinegardner, R. (1968). Evolution of cellular DNA content in teleost fishes. American Naturalist 102: 517-523.",,
Gadus morhua,23,"Gr√∏svik, B.E. and A.J. Raae (1992). The genome size and the structure and content of ribosomal RNA genes in Atlantic cod (Gadus morhua L.). Comparative Biochemistry and Physiology 101B: 407-411.",,
Gallus gallus,39,"Groenen, M. A. M., Crooijmans, R. P. M. A., Veenendaal, A., Cheng, H. H., Siwek, M., & van der Poel, J. J. (1998). A Comprehensive Microsatellite Linkage Map of the Chicken Genome. Genomics, 49(2), 265‚Äì274. https://doi.org/10.1006/geno.1998.5225",,
Gambusia affinis,24,"Lamatsch, D.K., C. Steinlein, M. Schmid, and M. Schartl (2000). Noninvasive determination of genome size and ploidy level in fishes by flow cytometry: detection of triploid Poecilia formosa. Cytometry 39: 91-95.",,
Gasterosteus aculeatus,21,"Hinegardner, R. and D.E. Rosen (1972). Cellular DNA content and the evolution of teleostean fishes. American Naturalist 106: 621-644.",,
Geospiza fortis,40,Jo 1983,"Degrandi T, M, Barcellos S, A, Costa A, L, Garnero A, D, V, Hass I, Gunski R, J: Introducing the Bird Chromosome Database: An Overview of Cytogenetic Studies in Birds. Cytogenet Genome Res 2020. doi: 10.1159/000507768",
Gopherus agassizii,26,"Atkin, N.B., G. Mattinson, W. Be√ßak, and S. Ohno (1965). The comparative DNA content of 19 species of placental mammals, reptiles, and birds. Chromosoma 17: 1-10.",,
Gopherus evgoodei,26,"Dowler, R. C., & Bickham, J. W. (1982). Chromosomal relationships of the tortoises (family Testudinidae). Genetica, 58(3), 189ÔøΩ197. https://doi.org/10.1007/bf00128013",,
Gorilla gorilla,24,"Pellicciari, C., E. Ronchetti, D. Formenti, R. Stanyon, and M.G. Manfredi Romanini (1990a). Genome size and ""C-heterochromatic-DNA"" in man and the African apes. Human Evolution 5: 261-267.",,
Gouania willdenowi,23,"Arai, R. (2011). Fish karyotypes: a check list. Springer Science & Business Media.;Ashman, T. L., Bachtrog, D., Blackmon, H., Goldberg, E. E., Hahn, M. W., Kirkpatrick, M., et al. (2014). Tree of Sex: A database of sexual systems. Scientific Data, 1, 140015.","Rom·n?Palacios, C., Medina, C. A., Zhan, S. H., & Barker, M. S. (2021). Animal chromosome counts reveal a similar range of chromosome numbers but with less polyploidy in animals compared to flowering plants. Journal of Evolutionary Biology, 34(8), 1333ñ1339. https://doi.org/10.1111/jeb.13884",TRUE
Haplochromis burtoni,20,"Lang, M., T. Miyake, I. Braasch, D. Tinnemore, N. Siegel, W. Salzburger, C.T. Amemiya, A. Meyer (2006). A BAC library of the East African haplochromine cichlid fish Astatotilapia burtoni. Journal of Experimental Zoology (Molecular Development and Evolution) 306B: 35-44.",,
Heterocephalus glaber,30,"Deuve, J. L. (2008). Cytosystematics, Sex Chromosome Translocations and Speciation In African Mole-Rats (Bathyergidae: Rodentia).",,
Hippocampus comes,22,"Li, C., Olave, M., Hou, Y., Qin, G., Schneider, R. F., Gao, Z., Tu, X., Wang, X., Qi, F., Nater, A., Kautt, A. F., Wan, S., Zhang, Y., Liu, Y., Zhang, H., Zhang, B., Zhang, H., Qu, M., Liu, S., & Chen, Z. (2021). Genome sequences reveal global dispersal routes and suggest convergent genetic adaptations in seahorse evolution. Nature Communications, 12(1). https://doi.org/10.1038/s41467-021-21379-x",,TRUE
Homo sapiens,23,"Schoch CL, et al. NCBI Taxonomy: a comprehensive update on curation, resources and tools. Database (Oxford). 2020: baaa062. PubMed: 32761142 PMC: PMC7408187.",,
Hucho hucho,41,"Ocalewicz, K., Woznicki, P., & Jankun, M. (2007). Mapping of rRNA genes and telomeric sequences in Danube salmon (Hucho hucho) chromosomes using primed in situ labeling technique (PRINS). Genetica, 134(2), 199ÔøΩ203. https://doi.org/10.1007/s10709-007-9225-7",,
Ictalurus punctatus,28,"Tiersch, T.R., R.W. Chandler, S.S. Wachtel, and S. Elias (1989a). Reference standards for flow cytometry and application in comparative studies of nuclear DNA content. Cytometry 10: 706-710.",,
Ictidomys tridecemlineatus,17,"Feldhamer, G. A., Thompson, B. C., & Chapman, J. A. (2003). Wild mammals of North America : biology, management, and conservation. Johns Hopkins University Press.",,
Jaculus jaculus,24,"Ben Faleh, A., Ben Othmen, A., Said, K., & Granjon, L. (2010). Karyotypic Variation in Two Species of Jerboas Jaculus jaculus and Jaculus orientalis (Rodentia, Dipodidae) from Tunisia. Folia Biologica, 58(3), 229ÔøΩ236. https://doi.org/10.3409/fb58_3-4.229-236",,
Junco hyemalis,41,Shields 1973; BeÁak et al. 1975,"Degrandi T, M, Barcellos S, A, Costa A, L, Garnero A, D, V, Hass I, Gunski R, J: Introducing the Bird Chromosome Database: An Overview of Cytogenetic Studies in Birds. Cytogenet Genome Res 2020. doi: 10.1159/000507768",
Kryptolebias marmoratus,24,"Scheel, J. J. (1972). Rivuline Karyotypes and their Evolution (Rivulinae, Cyprinodontidae, Pisces). Journal of Zoological Systematics & Evolutionary Research, 10(1), 180ÔøΩ209. https://doi.org/10.1111/j.1439-0469.1972.tb00797.x",,
Labrus bergylta,24,"Arai, R. (2011). Fish karyotypes: a check list. Springer Science & Business Media.; Ojima, Y. and K. Yamamoto (1990). Cellular DNA contents of fishes determined by flow cytometry. La Kromosomo II 57: 1871-1888.; Ashman, T. L., Bachtrog, D., Blackmon, H., Goldberg, E. E., Hahn, M. W., Kirkpatrick, M., et al. (2014). Tree of Sex: A database of sexual systems. Scientific Data, 1, 140015.; Libertini, A., S. Malavasi, P. Torricelli, and P. Franzoi (2008). Unpublished data ","Rom·n?Palacios, C., Medina, C. A., Zhan, S. H., & Barker, M. S. (2021). Animal chromosome counts reveal a similar range of chromosome numbers but with less polyploidy in animals compared to flowering plants. Journal of Evolutionary Biology, 34(8), 1333ñ1339. https://doi.org/10.1111/jeb.13884",TRUE
Larimichthys crocea,24,"Guo, D.-D., Liu, F., Niu, B.-L., Zhan, W., Xie, Q.-P., Zhang, Y., & Lou, B. (2022). Establishment of diploid hybrid strains derived from female Larimichthys crocea √ó male Larimichthys polyactis and transmission of parental mtDNA in hybrid progenies. Aquaculture, 561, 738693‚Äì738693. https://doi.org/10.1016/j.aquaculture.2022.738693",,
Lates calcarifer,24,"Khuda-Bukhsh A.R. (1979) Chromosomes in three species of fishes, Aplocheilus panchax (Cyrinodontidae), Lates calcerifer (Percidae), and Gadusia chapra (Clupeidae). Caryologia. 32: 161-169.",,
Laticauda laticaudata,20,"Olmo E., Signorino G.G. (2005) ChromoRep: A reptiles chromosomes database.",,
Latimeria chalumnae,24,"Cimino, M.C. (1974). The nuclear DNA content of diploid and triploid Poeciliopsis and other poeciliid fishes with reference to the evolution of unisexual forms. Chromosoma 47: 297-307.",,
Lepidothrix coronata,39,Degrandi et al. 2011,"Degrandi T, M, Barcellos S, A, Costa A, L, Garnero A, D, V, Hass I, Gunski R, J: Introducing the Bird Chromosome Database: An Overview of Cytogenetic Studies in Birds. Cytogenet Genome Res 2020. doi: 10.1159/000507768",TRUE
Lepisosteus oculatus,34,"Ojima, Y. and K. Yamamoto (1990). Cellular DNA contents of fishes determined by flow cytometry. La Kromosomo II 57: 1871-1888.",,
Leptobrachium leishanense,13,"Li, J., Yu, H., Wang, W., Fu, C., Zhang, W., Han, F., & Wu, H. (2019). Genomic and transcriptomic insights into molecular basis of sexually dimorphic nuptial spines in Leptobrachium leishanense. Nature Communications, 10(1). https://doi.org/10.1038/s41467-019-13531-5",,
Lonchura striata domestica,39,"Tiersch, T.R. and S.S. Wachtel (1991). On the evolution of genome size of birds. Journal of Heredity 82: 363-368.",,
Loxodonta africana,28,"Pardo-Manuel de Villena F., Sapienza C. (2001) Female meiosis drives karyotype evolution in mammals. Genetics 159: 1179-1189.",,
Lynx canadensis,19,"Genest, F. B., Morisset, P., & Patenaude, R. P. (1987). Chromosomes du Lynx roux, Lynx rufus. Canadian Journal of Zoology, 65(12), 3192ÔøΩ3196. https://doi.org/10.1139/z87-479",,
Macaca fascicularis,21,"Kato, H., M. Harada, K. Tsuchiya, and K. Moriwaki (1980). Absence of correlation between DNA repair in ultraviolet irradiated mammalian cells and life span of the donor species. Japanese Journal of Genetics 55: 99-108.",,
Macaca mulatta,21,"Formenti, D., S. Garagna, G.F. De Stefano, and C. Pellicciari (1983). Variazioni del contenuto nucleare in DNA negli Hominoidea. Antropologia Contemporanea 6: 219-224.",,
Macaca nemestrina,21,"Pellicciari, C., D. Formenti, C.A. Redi, and M.G. Manfredi Romanini (1982). DNA content variability in primates. Journal of Human Evolution 11: 131-141.",,
Malurus cyaneus samueli,36,"Pe√±alba, J. V., Deng, Y., Fang, Q., Joseph, L., Moritz, C., & Cockburn, A. (2020). Genome of an iconic Australian bird: High‚Äêquality assembly and linkage map of the superb fairy‚Äêwren ( Malurus cyaneus ). Molecular Ecology Resources, 20(2), 560‚Äì578. https://doi.org/10.1111/1755-0998.13124",,
Manacus vitellinus,39,Degrandi et al. 2011,"Rom·n?Palacios, C., Medina, C. A., Zhan, S. H., & Barker, M. S. (2021). Animal chromosome counts reveal a similar range of chromosome numbers but with less polyploidy in animals compared to flowering plants. Journal of Evolutionary Biology, 34(8), 1333ñ1339. https://doi.org/10.1111/jeb.13884",TRUE
Mandrillus leucophaeus,21,"Formenti, D., S. Garagna, G.F. De Stefano, and C. Pellicciari (1983). Variazioni del contenuto nucleare in DNA negli Hominoidea. Antropologia Contemporanea 6: 219-224; Ashman, T. L., Bachtrog, D., Blackmon, H., Goldberg, E. E., Hahn, M. W., Kirkpatrick, M., et al. (2014). Tree of Sex: A database of sexual systems. Scientific Data, 1, 140015.","Rom·n?Palacios, C., Medina, C. A., Zhan, S. H., & Barker, M. S. (2021). Animal chromosome counts reveal a similar range of chromosome numbers but with less polyploidy in animals compared to flowering plants. Journal of Evolutionary Biology, 34(8), 1333ñ1339. https://doi.org/10.1111/jeb.13884",TRUE
Marmota marmota marmota,19,"Pardo-Manuel de Villena F., Sapienza C. (2001) Female meiosis drives karyotype evolution in mammals. Genetics 159: 1179-1189.",,
Mastacembelus armatus,24,"Kushwaha, B., N. S. Nagpure, S. Srivastava, M. Pandey, R. Kumar, S. Raizada, S. Agarwal, M. Singh, V. S. Basheer, R. G. Kumar, P. Das, S. P. Das, S. Patnaik, A. Bit, S. K. Srivastava, A. L. Vishwakarma, C. G. Joshi, D. Kumar, and J. K. Jena (2023). Genome size estimation and its associations with body length, chromosome number and evolution in teleost fishes. Gene 864: 147294.",,
Maylandia zebra,22,"Salzburger, W. (2018). Understanding explosive diversification through cichlid fish genomics. Nature Reviews Genetics, 19(11), 705ÔøΩ717. https://doi.org/10.1038/s41576-018-0043-9",,
Meleagris gallopavo,40,"Vendrely, R. and C. Vendrely (1950). Sur la teneur absolue en acide d√©soxyribonucl√©ique du noyau cellulaire chez quelques esp√®ces d'oiseaux et de poissons. Comptes Rendus de l'Acad√©mie des Sciences 230: 788-790.",,
Melopsittacus undulatus,31,"Van Dongen, M. W. M., & De Boer, L. E. M. (1984). Chromosome studies of 8 species of parrots of the families Cacatuidae and Psittacidae (Aves: Psittaciformes). Genetica, 65(1), 109‚Äì117. https://doi.org/10.1007/bf00056770",,
Meriones unguiculatus,22,"Bachmann, K. (1972). Genome size in mammals. Chromosoma 35: 85-93.",,
Mesocricetus auratus,22,"Vinogradov, A.E. (1998a). Genome size and GC-percent in vertebrates as determined by flow cytometry: the triangular relationship. Cytometry 31: 100-109.",,
Microcebus murinus,33,"Pellicciari, C., D. Formenti, C.A. Redi, and M.G. Manfredi Romanini (1982). DNA content variability in primates. Journal of Human Evolution 11: 131-141.",,
Microtus ochrogaster,27,"Schmid, W. and M.F. Leppert (1968). Karyotyp, Heterochromatin und DNS-Werte bei 13 Arten von W√ºhlm√§usen (Microtinae, Mammalia-Rodentia). Archiv der Julius Klaus - Stiftung f√ºr Verebungsforschung 43: 88-91.",,
Mola mola,23,"Nakatsubo, T. (2008). A study on the reproductive biology of ocean sunfish Mola mola. https://www.oceansunfish.org/NakatsuboDissertationsSum.pdf",,
Monodelphis domestica,9,"de A. Carvalho, B., & Mattevi, M. S. (2000). (T2AG3)n telomeric sequence hybridization suggestive of centric fusion in karyotype marsupials evolution. Genetica, 108(3), 205ÔøΩ210. https://doi.org/10.1023/a:1004157915077",,
Monodon monoceros,22,"Jarrell, G. H., & √Årnason, √ö. (2009). Banded karyotypes of a belukha whale, Delphinapterus leucas. Hereditas, 95(1), 37‚Äì41. https://doi.org/10.1111/j.1601-5223.1981.tb01326.x",,
Monopterus albus,12,"Cui, J., X. Ren, and Q. Yu (1991). Nuclear DNA content variation in fishes. Cytologia 56: 425-429.",,
Moschus moschiferus,9,"Svartman, M., & Vianna-Morgante, A. M. (2003). Conservation of chromosomal location of nucleolus organizer in American marsupials (Didelphidae). Genetica, 118(1), 11ÔøΩ16. https://doi.org/10.1023/a:1022986600017",,
Mus caroli,20,"Redi, C.A., H. Zacharias, S. Merani, M. Oliveira-Miranda, M. Aguilera, M. Zuccotti, S. Garagna, and E. Capanna (2005). Genome sizes in Afrotheria, Xenartha, Euarchontoglires, and Laurasiatheria. Journal of Heredity 96: 485-493.",,
Mus musculus,20,"Vinogradov, A.E. (1998a). Genome size and GC-percent in vertebrates as determined by flow cytometry: the triangular relationship. Cytometry 31: 100-109.",,
Mus pahari,24,"Veyrunes, F., Dobigny, G., Yang, F., OÔøΩBrien, P. C. M., Catalan, J., Robinson, T. L., & Britton-Davidian, J. (2006). Phylogenomics of the genus Mus (Rodentia; Muridae): extensive genome repatterning is not restricted to the house mouse. Royal Society, 273(1604), 2925ÔøΩ2934. https://doi.org/10.1098/rspb.2006.3670",,
Mus spicilegus,20,"Redi, C.A., H. Zacharias, S. Merani, M. Oliveira-Miranda, M. Aguilera, M. Zuccotti, S. Garagna, and E. Capanna (2005). Genome sizes in Afrotheria, Xenartha, Euarchontoglires, and Laurasiatheria. Journal of Heredity 96: 485-493.",,
Mus spretus,20,"Redi, C.A., H. Zacharias, S. Merani, M. Oliveira-Miranda, M. Aguilera, M. Zuccotti, S. Garagna, and E. Capanna (2005). Genome sizes in Afrotheria, Xenartha, Euarchontoglires, and Laurasiatheria. Journal of Heredity 96: 485-493.",,
Mustela putorius furo,20,"Hsu T.C., Benirschke K. (1969) An Atlas of Mammalian Chromosomes, Volume 3, Springer-Verlag, New York.",,
Myotis lucifugus,22,"Fenton, M. B., & Barclay, R. M. R. (1980). Myotis lucifugus. Mammalian Species, 142, 1. https://doi.org/10.2307/3503792",,
Myripristis murdjan,24,"Manoel Galetti, P., Franco Molina, W., Roberto A. M. Affonso, P., & Teixeira Aguilar, C. (2006). Assessing Genetic Diversity of Brazilian Reef Fishes by Chromosomal and DNA Markers. Genetica, 126(1-2), 161ÔøΩ177. https://doi.org/10.1007/s10709-005-1446-z",,
Naja naja,19,"Olmo E., Signorino G.G. (2005) ChromoRep: A reptiles chromosomes database.",,
Nannospalax galili,26,"Kandemir, ?., SÔøΩzen, M., Matur, F., KankiliÔøΩ, T., MartÔøΩnkovÔøΩ, N., ÔøΩolak, F., ÔøΩzkurt, ?., & ÔøΩolak, E. (2012). Phylogeny of species and cytotypes of mole rats (Spalacidae) in Turkey inferred from mitochondrial cytochromebgene sequences. BioOne, 61(1), 25ÔøΩ33. https://doi.org/10.25225/fozo.v61.i1.a5.2012",,
Neogobius melanostomus,23,"Ocalewicz, K., & Sapota, M. (2011). Cytogenetic characteristics of the round gobyNeogobius melanostomus(Pallas, 1814) (Teleostei: Gobiidae: Benthophilinae). Marine Biology Research, 7(2), 195‚Äì201. https://doi.org/10.1080/17451000.2010.489613",,
Neolamprologus brichardi,22,"Kuroiwa, A., Terai, Y., Kobayashi, N., Yoshida, K., Suzuki, M., Nakanishi, A., Matsuda, Y., Watanabe, M., & Okada, N. (2013). Construction of Chromosome Markers from the Lake Victoria Cichlid Paralabidochromis chilotes and Their Application to Comparative Mapping. Cytogenetic and Genome Research, 142(2), 112ÔøΩ120. https://doi.org/10.1159/000356128",,
Neovison vison,15,"Pardo-Manuel de Villena F., Sapienza C. (2001) Female meiosis drives karyotype evolution in mammals. Genetics 159: 1179-1189.",,
Nomascus leucogenys,26,"Carbone, L., Mootnick, A. R., Nadler, T., Moisson, P., Ryder, O., Roos, C., & de Jong, P. J. (2009). A Chromosomal Inversion Unique to the Northern White-Cheeked Gibbon. PLoS ONE, 4(3), e4999. https://doi.org/10.1371/journal.pone.0004999",,
Notamacropus eugenii,8,"Ashman, T. L., Bachtrog, D., Blackmon, H., Goldberg, E. E., Hahn, M. W., Kirkpatrick, M., et al. (2014). Tree of Sex: A database of sexual systems. Scientific Data, 1, 140015.","Rom·n?Palacios, C., Medina, C. A., Zhan, S. H., & Barker, M. S. (2021). Animal chromosome counts reveal a similar range of chromosome numbers but with less polyploidy in animals compared to flowering plants. Journal of Evolutionary Biology, 34(8), 1333ñ1339. https://doi.org/10.1111/jeb.13884",
Notechis scutatus,17,"Olmo E., Signorino G.G. (2005) ChromoRep: A reptiles chromosomes database.",,
Nothobranchius furzeri,19,"Bulavkina, E. V., Kudryavtsev, A., Goncharova, M. A., Lantsova, M. S., Shuvalova, A. I., Kovalev, M. A., & Kudryavtseva, A. V. (2022). Multifaceted Nothobranchius. Biokhimiya, 87(12-13), 1563‚Äì1578. https://doi.org/10.1134/s0006297922120136",,
Nothoprocta perdicaria,,,,
Numida meleagris,39,"Venturini, G., R. D'Ambrogi, and E. Capanna (1986). Size and structure of the bird genome. I. DNA content of 48 species of Neognathae.. Comparative Biochemistry and Physiology 85B: 61-65.",,
Ochotona princeps,34,"Pardo-Manuel de Villena F., Sapienza C. (2001) Female meiosis drives karyotype evolution in mammals. Genetics 159: 1179-1189.",,
Octodon degus,29,"Ruedas, L.A., J.A. Cook, T.L. Yates, and J.W. Bickham (1993). Conservative genome size and rapid chromosomal evolution in the South American tuco-tucos (Rodentia: Ctenomyidae). Genome 36: 449-458.",,
Oncorhynchus kisutch,30,"Hinegardner, R. and D.E. Rosen (1972). Cellular DNA content and the evolution of teleostean fishes. American Naturalist 106: 621-644.",,
Oncorhynchus mykiss,30,"Rasch, E.M. (1985). DNA ""standards"" and the range of accurate DNA estimates by Feulgen absorption microspectrophotometry In: Advances in Microscopy, edited by R.R. Cowden and S.H. Harrison. Alan R. Liss, New York. 137-167",,
Oncorhynchus tshawytscha,34,"Hinegardner, R. and D.E. Rosen (1972). Cellular DNA content and the evolution of teleostean fishes. American Naturalist 106: 621-644.",,
Oreochromis aureus,22,"Majumdar, K.C. and B.J. McAndrew (1986). Relative DNA content of somatic nuclei and chromosomal studies in three genera, Tilapia, Saerodon, and Oreochromis of the tribe Tilapiini (Pisces, Cichlidae).. Genetica 68: 175-188.",,
Oreochromis niloticus,22,"Hinegardner, R. and D.E. Rosen (1972). Cellular DNA content and the evolution of teleostean fishes. American Naturalist 106: 621-644.",,
Ornithorhynchus anatinus,26,"Bick, Y.A.E. and W.D. Jackson (1967). DNA content of monotremes. Nature 215: 192-193.",,
Oryctolagus cuniculus,22,"Vinogradov, A.E. (1998a). Genome size and GC-percent in vertebrates as determined by flow cytometry: the triangular relationship. Cytometry 31: 100-109.",,
Oryzias javanicus,24,"Vinogradov, A.E. (1998a). Genome size and GC-percent in vertebrates as determined by flow cytometry: the triangular relationship. Cytometry 31: 100-109.",,
Oryzias latipes,24,"Hinegardner, R. and D.E. Rosen (1972). Cellular DNA content and the evolution of teleostean fishes. American Naturalist 106: 621-644.",,
Oryzias melastigma,24,"Uwa, H., Iwamatsu, T., & Saxena, O. P. (1983). Karyotype and Cellular DNA Content of the Indian Ricefish, Oryzias mclastigma. Proceedings of the Japan Academy, Series B, 59(3), 43‚Äì47. https://doi.org/10.2183/pjab.59.43",,
Oryzias sinensis,23,"Kim, I.-S., & Kim, S.-Y. (2016). Interspecific Hybridization between Oryzias sinensis and O. latipes from Korea. Korean Journal of Ichthyology, 5(1), 113‚Äì121. https://koreascience.kr/article/JAKO199327236818670.page",,
Otolemur garnettii,31,"Ashman, T. L., Bachtrog, D., Blackmon, H., Goldberg, E. E., Hahn, M. W., Kirkpatrick, M., et al. (2014). Tree of Sex: A database of sexual systems. Scientific Data, 1, 140015.","Rom·n?Palacios, C., Medina, C. A., Zhan, S. H., & Barker, M. S. (2021). Animal chromosome counts reveal a similar range of chromosome numbers but with less polyploidy in animals compared to flowering plants. Journal of Evolutionary Biology, 34(8), 1333ñ1339. https://doi.org/10.1111/jeb.13884",TRUE
Otus sunia,39,"Vinogradov, A.E. (1998a). Genome size and GC-percent in vertebrates as determined by flow cytometry: the triangular relationship. Cytometry 31: 100-109.","Rom·n?Palacios, C., Medina, C. A., Zhan, S. H., & Barker, M. S. (2021). Animal chromosome counts reveal a similar range of chromosome numbers but with less polyploidy in animals compared to flowering plants. Journal of Evolutionary Biology, 34(8), 1333ñ1339. https://doi.org/10.1111/jeb.13884",TRUE
Ovis aries rambouillet,27,"Sumner, A.T. and R.A. Buckland (1976). Relative DNA contents of somatic nuclei of ox, sheep and goat. Chromosoma 57: 171-175.",,
Pan paniscus,24,"Pardo-Manuel de Villena F., Sapienza C. (2001) Female meiosis drives karyotype evolution in mammals. Genetics 159: 1179-1189.",,
Pan troglodytes,24,"Pellicciari, C., E. Ronchetti, R. Tori, D. Formenti, and M.G.M. Romanini (1990b). Cytochemical evaluation of C-heterochromatic-DNA in metaphase chromosomes. Basic and Applied Histochemistry 34: 79-85.",,
Panthera leo,19,"Haas, S. K., Hayssen, V., & Krausman, P. R. (2005). Panthera leo. Mammalian Species, 762, 1‚Äì11. https://doi.org/10.2307/3504539",,
Panthera pardus,19,"Pardo-Manuel de Villena F., Sapienza C. (2001) Female meiosis drives karyotype evolution in mammals. Genetics 159: 1179-1189.",,
Panthera tigris altaica,19,E.M. Rasch. Unpublished Data,,
Papio anubis,21,"Chiarelli, A. B. (1974). Perspectives in Primate Biology.",,
Parambassis ranga,,,,
Paramormyrops kingsleyae,25,"Simanovsky, S., Medvedev, D., Tefera, F., & Golubtsov, A. (2020). First cytogenetic information for five Nilotic elephantfishes and a problem of ancestral karyotype of the family Mormyridae (Osteoglossiformes). Comparative Cytogenetics, 14(3), 387ÔøΩ397. https://doi.org/10.3897/compcytogen.14i3.52727",,
Parus major,40,"De Smet, W.H.O. (1981). The nuclear Feulgen-DNA content of the vertebrates (especially reptiles), as measured by fluorescence cytophotometry, with notes on the cell and chromosome size. Acta Zoologica et Pathologica Antverpiensia 76: 119-167.",,
Pavo cristatus,39,"Sasaki, M., Ikeuchi, T., & Makino, S. (1968). A feather pulp culture technique for avian chromosomes, with notes on the chromosomes of the peafowl and the ostrich. Experientia, 24(12), 1292ÔøΩ1293. https://doi.org/10.1007/bf02146680",,
Pelodiscus sinensis,33,"Bickham J.W., Bull J.J., Legler J.M. (1983) Karyotypes and evolutionary relationships of trionychoid turtles. Cytologia 48: 177-183.",,
Pelusios castaneus,17,"Killebrew, F. C. (1975). Mitotic Chromosomes of Turtles: I. The Pelomedusidae. Journal of Herpetology, 9(3), 281. https://doi.org/10.2307/1563192",,
Periophthalmus magnuspinnatus,23,"Saberii, F., Gharzi, A., Jazayeri, A., Akmali, V., & Chehri, K. (2023). Research Article: Karyological analysis of two species of mudskippers (Teleostei: Gobioidei: Oxudersidae) in the Musa estuary, Persian Gulf, Iran. Iranian Journal of Fisheries Sciences, 22(2), 368ÔøΩ383. https://jifro.ir/article-1-5213-fa.html",,
Peromyscus maniculatus bairdii,24,"Deaven, L.L., L. Vidal-Rioja, J.H. Jett, and T.C. Hsu (1977). Chromosomes of Peromyscus (Rodentia, Cricetidae). VI. The genomic size.. Cytogenetics and Cell Genetics 19: 241-249.",,
Petromyzon marinus,84,"Vialli, M. (1957a). Volume et contenu en ADN par noyau. Experimental Cell Research Suppl. 4: 284-293.",,
Phascolarctos cinereus,8,"Martin, P.G. and D.L. Hayman (1967). Quantitative comparisons between the karyotypes of Australian marsupials from three different superfamilies. Chromosoma 20: 290-310.",,
Phasianus colchicus,41,"Tiersch, T.R. and S.S. Wachtel (1991). On the evolution of genome size of birds. Journal of Heredity 82: 363-368.",,
Phocoena sinus,22,"ÔøΩrnason, ÔøΩ. (2009). C- and G-banded karyotypes of three delphinids: Stenella clymene, Lagenorhynchus albirostris and Phocoena phocoena. Hereditas, 92(2), 179ÔøΩ187. https://doi.org/10.1111/j.1601-5223.1980.tb01693.x",,
Physeter catodon,21,"Pardo-Manuel de Villena F., Sapienza C. (2001) Female meiosis drives karyotype evolution in mammals. Genetics 159: 1179-1189.",,
Piliocolobus tephrosceles,22,"Formenti, D. (1975). Nuclear DNA content in some species of the genus Cercopithecus (Primates: Cercopithecidae). Genetica 45: 307-313.; Pellicciari, C., D. Formenti, C.A. Redi, and M.G. Manfredi Romanini (1982). DNA content variability in primates. Journal of Human Evolution11: 131-141.","Rom·n?Palacios, C., Medina, C. A., Zhan, S. H., & Barker, M. S. (2021). Animal chromosome counts reveal a similar range of chromosome numbers but with less polyploidy in animals compared to flowering plants. Journal of Evolutionary Biology, 34(8), 1333ñ1339. https://doi.org/10.1111/jeb.13884",TRUE
Podarcis muralis,19,"Olmo, E. (1976). Genome size in some reptiles. Journal of Experimental Zoology 195: 305-310.",,
Poecilia formosa,23,"Lamatsch, D.K., C. Steinlein, M. Schmid, and M. Schartl (2000). Noninvasive determination of genome size and ploidy level in fishes by flow cytometry: detection of triploid Poecilia formosa. Cytometry 39: 91-95.",,
Poecilia latipinna,23,"Hinegardner, R. and D.E. Rosen (1972). Cellular DNA content and the evolution of teleostean fishes. American Naturalist 106: 621-644.",,
Poecilia mexicana,23,"Lamatsch, D.K., C. Steinlein, M. Schmid, and M. Schartl (2000). Noninvasive determination of genome size and ploidy level in fishes by flow cytometry: detection of triploid Poecilia formosa. Cytometry 39: 91-95.",,
Poecilia reticulata,23,"Vinogradov, A.E. (1998a). Genome size and GC-percent in vertebrates as determined by flow cytometry: the triangular relationship. Cytometry 31: 100-109.",,
Pogona vitticeps,16,"MacCulloch, R.D., D.E. Upton, and R.W. Murphy (1996). Trends in nuclear DNA content among amphibians and reptiles. Comparative Biochemistry and Physiology 113B: 601-605.",,
Pongo abelii,24,"Ankel-Simons, F. (2000). Primate anatomy : an introduction. Academic Press.",,
Procavia capensis,27,"Pardo-Manuel de Villena F., Sapienza C. (2001) Female meiosis drives karyotype evolution in mammals. Genetics 159: 1179-1189.",,
Prolemur simus,30,"Ashman, T. L., Bachtrog, D., Blackmon, H., Goldberg, E. E., Hahn, M. W., Kirkpatrick, M., et al. (2014). Tree of Sex: A database of sexual systems. Scientific Data, 1, 140015.","Rom·n?Palacios, C., Medina, C. A., Zhan, S. H., & Barker, M. S. (2021). Animal chromosome counts reveal a similar range of chromosome numbers but with less polyploidy in animals compared to flowering plants. Journal of Evolutionary Biology, 34(8), 1333ñ1339. https://doi.org/10.1111/jeb.13884",
Propithecus coquereli,,,,
Pseudonaja textilis,19,"Olmo E., Signorino G.G. (2005) ChromoRep: A reptiles chromosomes database.",,
Pteropus vampyrus,19,"Perwitasari-Farajallah, D., Mubarok, H., & Maryanto, I. (2023). KARYOTYPES OF FRUIT BATS (CHIROPTERA, PTEROPODIDAE) AND RATS (RODENTIA, MURIDAE) FROM Mt. BAWAKARAENG, SOUTH SULAWESI, INDONESIA. Borneo Science | the Journal of Science and Technology, 39(1). https://doi.org/10.51200/bsj.v39i1.4422",,
Pundamilia nyererei,22,"Svensson, O., Woodhouse, K., van Oosterhout, C., Smith, A., Turner, G. F., & Seehausen, O. (2017). The genetics of mate preferences in hybrids between two young and sympatric Lake Victoria cichlid species. Proceedings of the Royal Society B Biological Sciences, 284(1849), 20162332ÔøΩ20162332. https://doi.org/10.1098/rspb.2016.2332",,
Pygocentrus nattereri,30,"Favarato, R. M., Ribeiro, L. B., Campos, A., Ivan, J., Mutuko Nakayama, C., Ota, R. P., & Feldberg, E. (2021). Comparative cytogenetics of Serrasalmidae (Teleostei: Characiformes): The relationship between chromosomal evolution and molecular phylogenies. PloS One, 16(10), e0258003ÔøΩe0258003. https://doi.org/10.1371/journal.pone.0258003",,
Rattus norvegicus,21,"Vinogradov, A.E. (1998a). Genome size and GC-percent in vertebrates as determined by flow cytometry: the triangular relationship. Cytometry 31: 100-109.",,
Rhinolophus ferrumequinum,29,"Vinogradov, A.E. (1998a). Genome size and GC-percent in vertebrates as determined by flow cytometry: the triangular relationship. Cytometry 31: 100-109.",,
Rhinopithecus bieti,22,"Yifeng, C., Lihua, L., Xiangnian, S., & Xiaomei, C. (1979). The karyotype of the golden monkey (Rhinopithecus r. roxellanae). Journal of Human Evolution, 8(6), 597-IN15. https://doi.org/10.1016/0047-2484(79)90113-1",,
Rhinopithecus roxellana,22,"Yifeng, C., Lihua, L., Xiangnian, S., & Xiaomei, C. (1979). The karyotype of the golden monkey (Rhinopithecus r. roxellanae). Journal of Human Evolution, 8(6), 597-IN15. https://doi.org/10.1016/0047-2484(79)90113-2",,
Saimiri boliviensis boliviensis,22,"Steinberg, E. R., Nieves, M., & Mudry, M. D. (2007). Meiotic characterization and sex determination system of neotropical primates: bolivian squirrel monkey Saimiri boliviensis (primates: cebidae). American Journal of Primatology, 69(11), 1236ÔøΩ1241. https://doi.org/10.1002/ajp.20430",,
Salarias fasciatus,23,"Matoulek, D., Bor?vkovÔøΩ, V., Ocalewicz, K., & SymonovÔøΩ, R. (2020). GC and Repeats Profiling along ChromosomesÔøΩThe Future of Fish Compositional Cytogenomics. Genes, 12(1), 50. https://doi.org/10.3390/genes12010050",,
Salmo salar,29,"Vinogradov, A.E. (1998a). Genome size and GC-percent in vertebrates as determined by flow cytometry: the triangular relationship. Cytometry 31: 100-109.",,
Salmo trutta,40,"Alfei, L., D. Cavallo, P. Eleuteri, M.G. Grollino, P.T. Colombari, A. Ferri, A. Onali, and R. De Vita (1996). Nuclear DNA content in Salmo fibreni in Lake Posta Fibreno, Italy. Journal of Fish Biology 48: 1051-1058.",,
Salvator merianae,19,"da Silva, M. J., de Ara√∫jo Vieira, A. P., Galv√£o Cipriano, F. M., dos Santos C√¢ndido, M. R., de Oliveira, E. H. C., Gimenez Pinheiro, T., & da Silva, E. L. (2020). The Karyotype of Salvator merianae (Squamata, Teiidae): Analyses by Classical and Molecular Cytogenetic Techniques. Cytogenetic and Genome Research, 160(2), 94‚Äì99. https://doi.org/10.1159/000506140",,
Sander lucioperca,24,"Vinogradov, A.E. (1998a). Genome size and GC-percent in vertebrates as determined by flow cytometry: the triangular relationship. Cytometry 31: 100-109.",,
Sarcophilus harrisii,7,"Martin, P.G. and D.L. Hayman (1967). Quantitative comparisons between the karyotypes of Australian marsupials from three different superfamilies. Chromosoma 20: 290-310.",,
Sciurus vulgaris,20,"Hsu T.C., Benirschke K. (1970) An Atlas of Mammalian Chromosomes, Volume 4, Springer-Verlag, New York.",,
Scleropages formosus,24,"Bian, C., Hu, Y., Ravi, V., Kuznetsova, I. S., Shen, X., Mu, X., Sun, Y., You, X., Li, J., Li, X., Qiu, Y., Tay, B.-H., Thevasagayam, N. M., Komissarov, A. S., Trifonov, V., Kabilov, M., Tupikin, A., Luo, J., Liu, Y., & Song, H. (2016b). The Asian arowana (Scleropages formosus) genome provides new insights into the evolution of an early lineage of teleosts. Scientific Reports, 6(1). https://doi.org/10.1038/srep24501",,
Scophthalmus maximus,22,"Wang, N., Wang, X. L., Sha, Z. X., Tian, Y. S., & Chen, S. L. (2010). Development and characterization of a new marine fish cell line from turbot (Scophthalmus maximus). Fish Physiology and Biochemistry, 36(4), 1227‚Äì1234. https://doi.org/10.1007/s10695-010-9402-y",,
Serinus canaria,40,"Bachmann, K., B.A. Harrington, and J.P. Craig (1972). Genome size in birds. Chromosoma 37: 405-416.",,
Seriola dumerili,24,"Vitturi, R., Mazzola, A., Macaluso, M., & Catalano, E. (1986). Chromosomal polymorphism associated with Robertsonian fusion in Seriola dumerili (Risso, 1810) (Pisces: Carangidae). Journal of Fish Biology, 29(5), 529‚Äì534. https://doi.org/10.1111/j.1095-8649.1986.tb04969.x",,
Seriola lalandi dorsalis,24,"Chai, X., Li, X., Lu, R., & Clarke, S. (2009). Karyotype analysis of the yellowtail kingfishSeriola lalandi lalandi(Perciformes: Carangidae) from South Australia. Aquaculture Research, 40(15), 1735ÔøΩ1741. https://doi.org/10.1111/j.1365-2109.2009.02278.x",,
Sinocyclocheilus anshuiensis,48,"Yu, X., Zhou, T., Li, K., Li, Y., & Zhou, M. (1987). On the karyosystematics of cyprinid fishes and a summary of fish chromosome studies in China. Genetica, 72(3), 225ÔøΩ235. https://doi.org/10.1007/bf00116227",,
Sinocyclocheilus grahami,48,"Zan, R., Z. Song, and W. Liu (1986). Studies on karyotypes and nuclear DNA contents of some cyprinoid fishes, with notes on fish polyploids in China In: Indo-Pacific Fish Biology, edited by T. Uyeno, R. Arai, T. Taniuchi and K. Matsuura. Ichthyological Society of Japan, Tokyo. 877-885.",,
Sinocyclocheilus rhinocerous,48,"Yu, X., Zhou, T., Li, K., Li, Y., & Zhou, M. (1987). On the karyosystematics of cyprinid fishes and a summary of fish chromosome studies in China. Genetica, 72(3), 225ÔøΩ235. https://doi.org/10.1007/bf00116227",,
Sorex araneus,21,"Vinogradov, A.E. (1998a). Genome size and GC-percent in vertebrates as determined by flow cytometry: the triangular relationship. Cytometry 31: 100-109.",,
Sparus aurata,24,"Arai R. (2011) Fish Karyotypes, Springer.",,
Spermophilus dauricus,16,"An, C. H., Chen, B. B., Fan, S. P., Sun, Y. X., Lyu, W., & She, J. J. (2018). The Taxonomic Status of Spermophilus in the Plague Area of Dingbian County, Shaanxi Province, China. PubMed, 31(3), 238ÔøΩ241. https://doi.org/10.3967/bes2018.030",,
Sphaeramia orbicularis,23,"dos Santos, ÔøΩ. W., Cioffi, M. de B., da Costa, G. W. W. F., Amorim, K. D. J., Oliveira, V. C. S., Bertollo, L. A. C., & Molina, W. F. (2023). The diploid number decrease in cardinalfishes (Apogonidae, Kurtiformes): chromosomal rearrangements and related biological features. The Nucleus, 67. https://doi.org/10.1007/s13237-023-00438-2",,
Sphenodon punctatus,18,"Olmo, E. (1981). Evolution of genome size and DNA base composition in reptiles. Genetica 57: 39-50.",,
Stachyris ruficeps,37,Li et al. 1993,"Degrandi T, M, Barcellos S, A, Costa A, L, Garnero A, D, V, Hass I, Gunski R, J: Introducing the Bird Chromosome Database: An Overview of Cytogenetic Studies in Birds. Cytogenet Genome Res 2020. doi: 10.1159/000507768",
Stegastes partitus,24,"Molina, W. F., & Galetti Jr., P. M. (2004). Multiple pericentric inversions and chromosomal divergence in the reef fishes Stegastes (Perciformes, Pomacentridae). Genetics and Molecular Biology, 27(4), 543ÔøΩ548. https://doi.org/10.1590/s1415-47572004000400013",,
Strigops habroptila,12,"Dussex, N., Robertson, B. C., DalÔøΩn, L., & Jarvis, E. D. (2022). The k?k?p? (Strigops habroptilus). Trends in Genetics, 0(0). https://doi.org/10.1016/j.tig.2022.03.004",,
Strix occidentalis caurina,40,"Rebholz, R., De, M., Sasaki, M., R. H. R. Belterman, & C. Nishida-Umehara. (1993). The Chromosomal Phylogeny of Owls (Strigiformes) and New Karyotypes of Seven Species. CYTOLOGIA, 58(4), 403ÔøΩ416. https://doi.org/10.1508/cytologia.58.403",,
Struthio camelus australis,40,"Eden, F.C., J.P. Hendrick, and S.S. Gottlieb (1978). Homology of single copy and repeated sequences in chicken, duck, Japanese quail, and ostrich DNA. Biochemistry 17: 5113-5121.",,
Suricata suricatta,18,"Hsu T.C., Benirschke K. (1970) An Atlas of Mammalian Chromosomes, Volume 4, Springer-Verlag, New York.",,
Sus scrofa,18,"Tiersch, T.R., R.W. Chandler, S.S. Wachtel, and S. Elias (1989a). Reference standards for flow cytometry and application in comparative studies of nuclear DNA content. Cytometry 10: 706-710.",,
Taeniopygia guttata,40,"Pigozzi, M. I., & Solari, A. J. (1998). Germ cell restriction and regular transmission of an accessory chromosome that mimics a sex body in the zebra finch, Taeniopygia guttata. Chromosome Research, 6(2), 105ÔøΩ113. https://doi.org/10.1023/a:1009234912307",,
Takifugu rubripes,22,"Arai R. (2011) Fish Karyotypes, Springer.",,
Terrapene carolina triunguis,25,"Olmo, E. (1976). Genome size in some reptiles. Journal of Experimental Zoology 195: 305-310.",,
Tetraodon nigroviridis,21,Jaillon O. et al. (2004) Genome duplication in the teleost fish Tetraodon nigroviridis reveals the early vertebrate proto-karyotype. Nature 431: 946-957.,,
Theropithecus gelada,21,"Chiou, K. L., Janiak, M. C., Schneider-Crease, I. A., Sen, S., Ayele, F., Chuma, I. S., Knauf, S., Lemma, A., Signore, A. V., DÔøΩIppolito, A. M., Abebe, B., Haile, A. A., Kebede, F., Fashing, P. J., Nguyen, N., McCann, C., Houck, M. L., Wall, J. D., Burrell, A. S., & Bergey, C. M. (2022). Genomic signatures of high-altitude adaptation and chromosomal polymorphism in geladas. Nature Ecology & Evolution, 6(5), 630ÔøΩ643. https://doi.org/10.1038/s41559-022-01703-4",,
Tupaia belangeri,31,"Toder, R., von Holst, D., & Schempp, W. (1992). Comparative cytogenetic studies in tree shrews (Tupaia). Cytogenetic and Genome Research, 60(1), 55‚Äì59. https://doi.org/10.1159/000133295",,
Tursiops truncatus,22,"Pardo-Manuel de Villena F., Sapienza C. (2001) Female meiosis drives karyotype evolution in mammals. Genetics 159: 1179-1189.",,
Urocitellus parryii,17,"McLean, B. S. (2018). Urocitellus parryii (Rodentia: Sciuridae). Mammalian Species, 50(964), 84ÔøΩ99. https://doi.org/10.1093/mspecies/sey011",,
Ursus americanus,37,"Hsu T.C., Benirschke K. (1969) An Atlas of Mammalian Chromosomes, Volume 3, Springer-Verlag, New York.",,
Ursus maritimus,37,"Hsu T.C., Benirschke K. (1969) An Atlas of Mammalian Chromosomes, Volume 3, Springer-Verlag, New York.",,
Ursus thibetanus thibetanus,37,"Hsu T.C., Benirschke K. (1969) An Atlas of Mammalian Chromosomes, Volume 3, Springer-Verlag, New York.",,
Varanus komodoensis,20,"Johnson Pokorn√°, M. J., Altmanov√°, M., Rovatsos, M., Velensk√Ω, P., Vodiƒçka, R., Reh√°k, I., & Kratochv√≠l, L. (2016). First Description of the Karyotype and Sex Chromosomes in the Komodo Dragon (Varanus komodoensis). Cytogenetic and Genome Research, 148(4), 284‚Äì291. https://doi.org/10.1159/000447340",,
Vicugna pacos,37,"Hsu T.C., Benirschke K. (1969) An Atlas of Mammalian Chromosomes, Volume 3, Springer-Verlag, New York.",,
Vombatus ursinus,7,"Martin, P.G. and D.L. Hayman (1967). Quantitative comparisons between the karyotypes of Australian marsupials from three different superfamilies. Chromosoma 20: 290-310.",,
Vulpes vulpes,17,"Wurster-Hill, D.H., O.G. Ward, B.H. Davis, J.P. Park, R.K. Moyzis, and J. Meyne (1988). Fragile sites, telomeric DNA sequences, B chromosomes, and DNA content in raccoon dogs, Nyctereutes procyonoides, with comparative notes on foxes, coyote, wolf, and raccoon. Cytogenetics and Cell Genetics 49: 278-281.",,
Xenopus tropicalis,10,"Matsuda, Y., Uno, Y., Kondo, M., Gilchrist, M. J., Zorn, A. M., Rokhsar, D. S., Schmid, M., & Taira, M. (2015). A New Nomenclature of Xenopus laevis Chromosomes Based on the Phylogenetic Relationship to Silurana/Xenopus tropicalis. Cytogenetic and Genome Research, 145(3-4), 187ÔøΩ191. https://doi.org/10.1159/000381292",,
Xiphophorus couchianus,24,"Friedman, B., & Gordon, M. (1934b). Chromosome Numbers in Xiphophorin Fishes. The American Naturalist, 68(718), 446‚Äì455. https://doi.org/10.1086/280562",,
Xiphophorus maculatus,24,"Hinegardner, R. and D.E. Rosen (1972). Cellular DNA content and the evolution of teleostean fishes. American Naturalist 106: 621-644.",,
Zalophus californianus,18,"Pardo-Manuel de Villena F., Sapienza C. (2001) Female meiosis drives karyotype evolution in mammals. Genetics 159: 1179-1189.",,
Zonotrichia albicollis,41,"Tiersch, T.R. and S.S. Wachtel (1991). On the evolution of genome size of birds. Journal of Heredity 82: 363-368.",,
Zosterops lateralis melanops,39,"Li, Q., & Bian, X. (2024). Studies on the Karyotypes of Birds ?.The 19 Species of 12 Families of Passerine Birds (Passeriformes,Aves). Zoological Research, 9(4), 321ÔøΩ326. https://www.zoores.ac.cn/article/id/1214",,
