"species","chromnum.1n","chromnum.source","chromnum.database","rsq","clade","class","order","family","gnsz_Gbp","gnsz.source","gnsz.database"
"Ailuropoda melanoleuca",21,"Yang, H. (2010). Sequencing and analysis of the giant panda genome. Science China.Life Sciences, 53(8), 1047-1048. https://doi.org/10.1007/s11427-010-4046-9","",0.5977250106164,"Mammalia","Mammalia","Carnivora","Ursidae",2.4,"Yang, H. (2010). Sequencing and analysis of the giant panda genome. Science China.Life Sciences, 53(8), 1047-1048. https://doi.org/10.1007/s11427-010-4046-9",""
"Amazona collaria",35,"de Oliveira Furo, I., Kretschmer, R., dos Santos, M. S., de Lima Carvalho, C. A., Gunski, R. J., OíBrien, P. C. M., Ferguson-Smith, M. A., Cioffi, M. B., & de Oliveira, E. H. C. (2017). Chromosomal Mapping of Repetitive DNAs in Myiopsitta monachus and Amazona aestiva (Psittaciformes, Psittacidae) with Emphasis on the Sex Chromosomes. Cytogenetic and Genome Research, 151(3), 151ñ160. https://doi.org/10.1159/000464458","",0.499546219937218,"Sauria","Aves","Psittaciformes","Psittacidae",1.49634,"Andrews, C.B. and T.R. Gregory (2009). Genome size is inversely correlated with relative brain size in parrots and cockatoos. Genome 52: 261-267.",""
"Amphiprion ocellaris",24,"Arai R. (2011) Fish Karyotypes, Springer.","The Tree of Sex Consortium. Tree of Sex: A database of sexual systems. Sci. Data 1:140015 doi: 10.1038/sdata.2014.15 (2014).",0.493919427764668,"Actinopterygii","Actinopterygii",NA,"Pomacentridae",0.805385376,"Ryu, T., Herrera, M., Moore, B., Izumiyama, M., Kawai, E., Laudet, V., & Ravasi, T. (2022). A chromosome-scale genome assembly of the false clownfish, Amphiprion ocellaris. G3 Genes|Genomes|Genetics, 12(5). https://doi.org/10.1093/g3journal/jkac074",""
"Amphiprion percula",24,"Arai R. (2011) Fish Karyotypes, Springer.Lehmann, R., Lightfoot, D. J., Schunter, C., Michell, C. T., Ohyanagi, H., Mineta, K., Foret, S., Berumen, M. L., Miller, D. J., Aranda, M., Gojobori, T., Munday, P. L., & Ravasi, T. (2019). Finding Nemo‚Äôs Genes: A chromosome-scale reference assembly of the genome of the orange clownfish Amphiprion percula. Molecular Ecology Resources, 19(3), 570‚Äì585. https://doi.org/10.1111/1755-0998.12939","",0.580868044351043,"Actinopterygii","Actinopterygii",NA,"Pomacentridae",0.93888,"Hardie, D.C. and P.D.N. Hebert (2004). Genome-size evolution in fishes. Canadian Journal of Fisheries and Aquatic Sciences 61: 1636-1646.","Gregory, T.R. (2024). Animal Genome Size Database. http://www.genomesize.com."
"Anabas testudineus",23,"Kushwaha, B., N. S. Nagpure, S. Srivastava, M. Pandey, R. Kumar, S. Raizada, S. Agarwal, M. Singh, V. S. Basheer, R. G. Kumar, P. Das, S. P. Das, S. Patnaik, A. Bit, S. K. Srivastava, A. L. Vishwakarma, C. G. Joshi, D. Kumar, and J. K. Jena (2023). Genome size estimation and its associations with body length, chromosome number and evolution in teleost fishes. Gene 864: 147294.","",0.501357342971063,"Actinopterygii","Actinopterygii","Anabantiformes","Anabantidae",0.70416,"Kushwaha, B., N. S. Nagpure, S. Srivastava, M. Pandey, R. Kumar, S. Raizada, S. Agarwal, M. Singh, V. S. Basheer, R. G. Kumar, P. Das, S. P. Das, S. Patnaik, A. Bit, S. K. Srivastava, A. L. Vishwakarma, C. G. Joshi, D. Kumar, and J. K. Jena (2023). Genome size estimation and its associations with body length, chromosome number and evolution in teleost fishes. Gene 864: 147294.","Gregory, T.R. (2024). Animal Genome Size Database. http://www.genomesize.com."
"Anas platyrhynchos",40,"WÛjcik, E., & Smalec, E. (2007). Description of the Mallard Duck (Anas platyrhynchos) Karyotype. Folia Biologica, 55(3), 115ñ120. https://doi.org/10.3409/173491607781492588","",0.960929769887932,"Sauria","Aves","Anseriformes","Anatidae",1.45722,"Krishan, A. P. Dandekar, N. Nathan, R. Hamelik, C. Miller, and J. Shaw (2005). DNA index, genome size, and electronic nuclear volume of vertebrates from the Miami Metro Zoo. Cytometry 65A: 26-34.","Gregory, T.R. (2024). Animal Genome Size Database. http://www.genomesize.com."
"Anolis carolinensis",18,"Porter C.A., Haiduk M.W., Queiroz K.D. (1994) Evolution and phylogenetic significance of ribosomal gene location in chromosomes of squamate reptiles. Copeia 1994: 302-313.","The Tree of Sex Consortium. Tree of Sex: A database of sexual systems. Sci. Data 1:140015 doi: 10.1038/sdata.2014.15 (2014).",0.965859798205649,"Sauria","Reptilia","Squamata","Dactyloidae",1.57458,"De Smet, W.H.O. (1981). The nuclear Feulgen-DNA content of the vertebrates (especially reptiles), as measured by fluorescence cytophotometry, with notes on the cell and chromosome size. Acta Zoologica et Pathologica Antverpiensia 76: 119-167.","Gregory, T.R. (2024). Animal Genome Size Database. http://www.genomesize.com."
"Anser cygnoides",40,"B. Islam, F., Uno, Y., Nunome, M., Nishimura, O., Tarui, H., Agata, K., & Matsuda, Y. (2014). Comparison of the Chromosome Structures between the Chicken and Three Anserid Species, the Domestic Duck (Anas platyrhynchos), Muscovy Duck (Cairina moschata), and Chinese Goose (Anser cygnoides), and the Delineation of their Karyotype Evolution by Comparative Chromosome Mapping. The Journal of Poultry Science, 51(1), 1‚Äì13. https://doi.org/10.2141/jpsa.0130090","",0.512634932634215,"Sauria","Aves","Anseriformes","Anatidae",1.22,"Zhang, Y., Ni, H., Xie, H., Yin, Y., Zheng, J., Dong, L., Diao, J., Yan, S., Yang, Y., Sun, H., & Sun, X. (2022). De novo assembly of a wild swan goose (Anser cygnoides) genome. Animal Genetics, 53(6), 878ñ880. https://doi.org/10.1111/age.13262",""
"Astyanax mexicanus",25,"Kavalco, K. F., & De Almeida-Toledo, L. F. (2007). Molecular Cytogenetics of Blind Mexican Tetra and Comments on the Karyotypic Characteristics of GenusAstyanax(Teleostei, Characidae). Zebrafish, 4(2), 103‚Äì111. https://doi.org/10.1089/zeb.2007.0505","",0.920225759459645,"Actinopterygii","Actinopterygii","Characiformes","Characidae",1.4,"Warren, W. C., Rice, E. S., Maggs X, Roback, E., Keene, A., Martin, F., Denye Ogeh, Haggerty, L., Carroll, R. A., McGaugh, S., & Rohner, N. (2024). Astyanax mexicanus surface and cavefish chromosome-scale assemblies for trait variation discovery. G3. https://doi.org/10.1093/g3journal/jkae103",""
"Balaenoptera musculus",22,"√Årnason, √ö., Spilliaert, R., P√°lsd√≥ttir, √Å., & √Årnason, A. (1991). Molecular identification of hybrids between the two largest whale species, the blue whale (Balaenoptera musculus) and the fin whale (B. physalus). Hereditas, 115(2), 183‚Äì189. https://doi.org/10.1111/j.1601-5223.1991.tb03554.x","",0.46587713629592,"Mammalia","Mammalia","Artiodactyla","Balaenoptera",2.7,"Bukhman, Y. V., Morin, P. A., Meyer, S., Chu, L.-F., Jacobsen, J. K., Antosiewicz-Bourget, J., Mamott, D., Gonzales, M., Argus, C., Bolin, J., Berres, M. E., Olivier Fedrigo, Steill, J., Swanson, S. A., Jiang, P., Arang Rhie, Giulio Formenti, Phillippy, A. M., Harris, R. S., & Wood, J. M. D. (2024). A high-quality blue whale genome, segmental duplications, and historical demography. Molecular Biology and Evolution. https://doi.org/10.1093/molbev/msae036",""
"Betta splendens",21,"Arai R. (2011) Fish Karyotypes, Springer.","The Tree of Sex Consortium. Tree of Sex: A database of sexual systems. Sci. Data 1:140015 doi: 10.1038/sdata.2014.15 (2014).",0.79390622683666,"Actinopterygii","Actinopterygii","Anabantiformes","Osphronemidae",0.61614,"Hardie, D.C. and P.D.N. Hebert (2004). Genome-size evolution in fishes. Canadian Journal of Fisheries and Aquatic Sciences 61: 1636-1646.","Gregory, T.R. (2024). Animal Genome Size Database. http://www.genomesize.com."
"Bison bison bison",30,"Pardo-Manuel de Villena F., Sapienza C. (2001) Female meiosis drives karyotype evolution in mammals. Genetics 159: 1179-1189.","The Tree of Sex Consortium. Tree of Sex: A database of sexual systems. Sci. Data 1:140015 doi: 10.1038/sdata.2014.15 (2014).",0.158530543936769,"Mammalia","Mammalia","Artiodactyla","Bovidae",4.7922,"Eapen, K.J. and M.M. Raza Nasir (1964). Deoxyribonucleic acid in hariana, buffalo and ram semen - part I.. Indian Journal of Dairy Science 17: 107-108.","Gregory, T.R. (2024). Animal Genome Size Database. http://www.genomesize.com."
"Bos taurus",30,"Pardo-Manuel de Villena F., Sapienza C. (2001) Female meiosis drives karyotype evolution in mammals. Genetics 159: 1179-1189.","The Tree of Sex Consortium. Tree of Sex: A database of sexual systems. Sci. Data 1:140015 doi: 10.1038/sdata.2014.15 (2014).",0.35840645577262,"Mammalia","Mammalia","Artiodactyla","Bovidae",3.6186,"Vinogradov, A.E. (1998a). Genome size and GC-percent in vertebrates as determined by flow cytometry: the triangular relationship. Cytometry 31: 100-109.","Gregory, T.R. (2024). Animal Genome Size Database. http://www.genomesize.com."
"Bubo bubo",40,"Venturini, G., R. D'Ambrogi, and E. Capanna (1986). Size and structure of the bird genome. I. DNA content of 48 species of Neognathae.. Comparative Biochemistry and Physiology 85B: 61-65.","",0.550264084914989,"Sauria","Aves","Strigiformes","Strigidae",1.98534,"Krishan, A. P. Dandekar, N. Nathan, R. Hamelik, C. Miller, and J. Shaw (2005). DNA index, genome size, and electronic nuclear volume of vertebrates from the Miami Metro Zoo. Cytometry 65A: 26-34.","Gregory, T.R. (2024). Animal Genome Size Database. http://www.genomesize.com."
"Buteo japonicus",34,"De Vita, R., D. Cavallo, P. Eleuteri, and G. Dell'Omo (1994). Evaluation of interspecific DNA content variations and sex identification in Falconiformes and Strigiformes by flow cytometric analysis. Cytometry 16: 346-350.","",0.363905370644141,"Sauria","Aves","Accipitriformes","Accipitridae",1.49634,"De Vita, R., D. Cavallo, P. Eleuteri, and G. Dell'Omo (1994). Evaluation of interspecific DNA content variations and sex identification in Falconiformes and Strigiformes by flow cytometric analysis. Cytometry 16: 346-350.",""
"Cairina moschata domestica",39,"Wagenmann, M., J.T. Epplen, K. Bachmann, W. Engel, and J. Schmidke (1981). DNA sequence organisation in relation to genome size in birds. Experientia 37: 1274-1276.","",0.963314710687641,"Sauria","Aves","Anseriformes","Anatidae",1.31052,"Wagenmann, M., J.T. Epplen, K. Bachmann, W. Engel, and J. Schmidke (1981). DNA sequence organisation in relation to genome size in birds. Experientia 37: 1274-1276.","Gregory, T.R. (2024). Animal Genome Size Database. http://www.genomesize.com."
"Calidris pugnax",46,"de Souza, M. S., Barcellos, S. A., Dos Santos, M. da S., Gunski, R. J., Garnero, A. D. V., de Oliveira, E. H. C., OíConnor, R. E., Griffin, D. K., & Kretschmer, R. (2022). Microchromosome BAC-FISH Reveals Different Patterns of Genome Organization in Three Charadriiformes Species. Animals : An Open Access Journal from MDPI, 12(21), 3052. https://doi.org/10.3390/ani12213051","",0.718260062586775,"Sauria","Aves","Charadriiformes","Scolopacidae",1.23,"Lamichhaney, Sangeet, et al. ìStructural Genomic Changes Underlie Alternative Reproductive Strategies in the Ruff (Philomachus Pugnax).î Nature Genetics, vol. 48, no. 1, 16 Nov. 2015, pp. 84ñ88, https://doi.org/10.1038/ng.3430.",""
"Callithrix jacchus",23,"Pardo-Manuel de Villena F., Sapienza C. (2001) Female meiosis drives karyotype evolution in mammals. Genetics 159: 1179-1189.","The Tree of Sex Consortium. Tree of Sex: A database of sexual systems. Sci. Data 1:140015 doi: 10.1038/sdata.2014.15 (2014).",0.715365784125069,"Mammalia","Mammalia","Primates","Callitrichidae",1.23,"Pellicciari, C., D. Formenti, C.A. Redi, and M.G. Manfredi Romanini (1982). DNA content variability in primates. Journal of Human Evolution 11: 131-141.","Gregory, T.R. (2024). Animal Genome Size Database. http://www.genomesize.com."
"Camelus dromedarius",37,"De Stefano, G.F., S. Garagna, and C.A. Redi (1982). Genome size in some species of Camelidae. Basic and Applied Histochemistry 26 Suppl.: XCII.","",0.470656076980791,"Mammalia","Mammalia","Artiodactyla","Camelidae",2.56236,"Krishan, A. P. Dandekar, N. Nathan, R. Hamelik, C. Miller, and J. Shaw (2005). DNA index, genome size, and electronic nuclear volume of vertebrates from the Miami Metro Zoo. Cytometry 65A: 26-34.","Gregory, T.R. (2024). Animal Genome Size Database. http://www.genomesize.com."
"Canis lupus dingo",39,"Tiersch, T.R., R.W. Chandler, S.S. Wachtel, and S. Elias (1989a). Reference standards for flow cytometry and application in comparative studies of nuclear DNA content. Cytometry 10: 706-710.","",0.752234412394981,"Mammalia","Mammalia","Carnivora","Canidae",2.4,"Ballard, W. O., Field, M. A., Edwards, R. J., Wilson, L. A. B., Koungoulos, L. G., Rosen, B. D., Chernoff, B., Dudchenko, O., Omer, A., Jens Keilwagen, Ksenia Skvortsova, Bogdanovic, O., Chan, E., Zammit, R., Hayes, V., & Erez Lieberman Aiden. (2023). The Australasian dingo archetype: de novo chromosome-length genome assembly, DNA methylome, and cranial morphology. Gigascience, 12. https://doi.org/10.1093/gigascience/giad018",""
"Canis lupus familiaris",39,"Tiersch, T.R., R.W. Chandler, S.S. Wachtel, and S. Elias (1989a). Reference standards for flow cytometry and application in comparative studies of nuclear DNA content. Cytometry 10: 706-710.","",0.685296635154962,"Mammalia","Mammalia","Carnivora","Canidae",2.81664,"Vinogradov, A.E. (1998a). Genome size and GC-percent in vertebrates as determined by flow cytometry: the triangular relationship. Cytometry 31: 100-109.","Gregory, T.R. (2024). Animal Genome Size Database. http://www.genomesize.com."
"Capra hircus",30,"Pardo-Manuel de Villena F., Sapienza C. (2001) Female meiosis drives karyotype evolution in mammals. Genetics 159: 1179-1189.","The Tree of Sex Consortium. Tree of Sex: A database of sexual systems. Sci. Data 1:140015 doi: 10.1038/sdata.2014.15 (2014).",0.364869648733151,"Mammalia","Mammalia","Artiodactyla","Bovidae",3.16872,"Sumner, A.T. and R.A. Buckland (1976). Relative DNA contents of somatic nuclei of ox, sheep and goat. Chromosoma 57: 171-175.","Gregory, T.R. (2024). Animal Genome Size Database. http://www.genomesize.com."
"Carassius auratus",50,"Arai R. (2011) Fish Karyotypes, Springer.","The Tree of Sex Consortium. Tree of Sex: A database of sexual systems. Sci. Data 1:140015 doi: 10.1038/sdata.2014.15 (2014).",0.821660540875461,"Actinopterygii","Actinopterygii","Cypriniformes","Cyprinidae",1.64304,"Hardie, D.C. and P.D.N. Hebert (2003). The nucleotypic effects of cellular DNA content in cartilaginous and ray-finned fishes. Genome 46: 683-706.","Gregory, T.R. (2024). Animal Genome Size Database. http://www.genomesize.com."
"Cavia porcellus",32,"Vinogradov, A.E. (1998a). Genome size and GC-percent in vertebrates as determined by flow cytometry: the triangular relationship. Cytometry 31: 100-109.","",0.669107429436881,"Mammalia","Mammalia","Rodentia","Caviidae",4.0098,"Gallardo, M.H., J.W. Bickham, G. Kausel, N. Kˆhler, and R.L. Honeycutt (2002). Gradual and quantum genome size shifts in the hystricognath rodents. Journal of Evolutionary Biology 16: 163-169.","Gregory, T.R. (2024). Animal Genome Size Database. http://www.genomesize.com."
"Cercocebus atys",21,"Pellicciari, C., D. Formenti, C.A. Redi, and M.G. Manfredi Romanini (1982). DNA content variability in primates. Journal of Human Evolution 11: 131-141.","",0.375554568109853,"Mammalia","Mammalia","Primates","Cercopithecidae",3.65772,"Pellicciari, C., D. Formenti, C.A. Redi, and M.G. Manfredi Romanini (1982). DNA content variability in primates. Journal of Human Evolution 11: 131-141.","Gregory, T.R. (2024). Animal Genome Size Database. http://www.genomesize.com."
"Chelydra serpentina",26,"Olmo, E. (1976). Genome size in some reptiles. Journal of Experimental Zoology 195: 305-310.","The Tree of Sex Consortium. Tree of Sex: A database of sexual systems. Sci. Data 1:140015 doi: 10.1038/sdata.2014.15 (2014).",0.570591493120638,"Sauria","Reptilia","Testudines","Chelydridae",2.45478,"Vinogradov, A.E. (1998a). Genome size and GC-percent in vertebrates as determined by flow cytometry: the triangular relationship. Cytometry 31: 100-109.","Gregory, T.R. (2024). Animal Genome Size Database. http://www.genomesize.com."
"Chinchilla lanigera",32,"Bachmann, K. (1972). Genome size in mammals. Chromosoma 35: 85-93.","The Tree of Sex Consortium. Tree of Sex: A database of sexual systems. Sci. Data 1:140015 doi: 10.1038/sdata.2014.15 (2014).",0.440156861501201,"Mammalia","Mammalia","Rodentia","Chinchillidae",3.87288,"Bachmann, K. (1972). Genome size in mammals. Chromosoma 35: 85-93.","Gregory, T.R. (2024). Animal Genome Size Database. http://www.genomesize.com."
"Chlorocebus sabaeus",30,"Manfredi Romanini, M.G., D. Formenti, C. Pellicciari, E. Ronchetti, and Y. Rumpler (1994). Possible meaning of C-heterochromatic DNA (ChDNA) in primates. Current Primatology, Vol. 1: Ecology and Evolution : 371-378.","",0.275034066683327,"Mammalia","Mammalia","Primaes","Cercopithecidae",3.95112,"Manfredi Romanini, M.G., D. Formenti, C. Pellicciari, E. Ronchetti, and Y. Rumpler (1994). Possible meaning of C-heterochromatic DNA (ChDNA) in primates. Current Primatology, Vol. 1: Ecology and Evolution : 371-378.","Gregory, T.R. (2024). Animal Genome Size Database. http://www.genomesize.com."
"Chrysemys picta bellii",25,"Vinogradov, A.E. (1998a). Genome size and GC-percent in vertebrates as determined by flow cytometry: the triangular relationship. Cytometry 31: 100-109.","The Tree of Sex Consortium. Tree of Sex: A database of sexual systems. Sci. Data 1:140015 doi: 10.1038/sdata.2014.15 (2014).",0.908046732207515,"Sauria","Reptilia","Testudines","Emydidae",2.51346,"Vinogradov, A.E. (1998a). Genome size and GC-percent in vertebrates as determined by flow cytometry: the triangular relationship. Cytometry 31: 100-109.","Gregory, T.R. (2024). Animal Genome Size Database. http://www.genomesize.com."
"Clupea harengus",26,"Ida, H., Oka, N., & Hayashigaki, K. (1991). Karyotypes and cellular DNA contents of three species of the subfamily Clupeinae. È≠öÈ°ûÂ≠¶ÈõëË™å, 38(3), 289‚Äì294. https://doi.org/10.11369/jji1950.38.289","",0.734731667741583,"Actinopterygii","Actinopterygii","Clupeiformes","Clupeidae",0.85,"Ì Kongsstovu, S., Mikalsen, S.-O., Homrum, E. Ì, Jacobsen, J. A., Flicek, P., & Dahl, H. A. (2019). Using long and linked reads to improve an Atlantic herring (Clupea harengus) genome assembly. Scientific Reports, 9(1), 17716. https://doi.org/10.1038/s41598-019-54151-9",""
"Coturnix japonica",39,"Nakamura, D., T.R. Tiersch, M. Douglass, and R.W. Chandler (1990). Rapid identification of sex in birds by flow cytometry. Cytogenetics and Cell Genetics 53: 201-205.","",0.984139378451707,"Sauria","Aves","Galliformes","Phasianidae",1.37898,"Nakamura, D., T.R. Tiersch, M. Douglass, and R.W. Chandler (1990). Rapid identification of sex in birds by flow cytometry. Cytogenetics and Cell Genetics 53: 201-205.","Gregory, T.R. (2024). Animal Genome Size Database. http://www.genomesize.com."
"Cynoglossus semilaevis",21,"Wang, X. L., Wang, N., Sha, Z., & Chen, S. L. (2010). Establishment, characterization of a new cell line from heart of half smooth tongue sole (Cynoglossus semilaevis). Fish Physiology and Biochemistry, 36(4), 1181‚Äì1189. https://doi.org/10.1007/s10695-010-9396-5","",0.707003653145966,"Actinopterygii","Actinopterygii","Pleuronectiformes","Cynoglossidae",0.606,"Wang, X., Zhang, Q., Sun, X., Chen, Y., Zhai, T., Zhuang, W., Qi, J., & Wang, Z. (2008). Fosmid Library Construction and Initial Analysis of End Sequences in Female Half-smooth Tongue Sole (Cynoglossus semilaevis). Marine Biotechnology, 11(2), 236ñ242. https://doi.org/10.1007/s10126-008-9137-2",""
"Cyprinus carpio carpio",50,"Arai R. (2011) Fish Karyotypes, Springer.","The Tree of Sex Consortium. Tree of Sex: A database of sexual systems. Sci. Data 1:140015 doi: 10.1038/sdata.2014.15 (2014).",0.822353179155623,"Actinopterygii","Actinopterygii","Cypriniformes","Cyprinidae",1.68216,"Collares-Pereira, M.J. and L. Moreira da Costa (1999). Intraspecific and interspecific genome size variation in Iberian Cyprinidae and the problem of diploidy and polyploidy, with review of genome sizes within the family. Folia Zoologica 48: 61-76.","Gregory, T.R. (2024). Animal Genome Size Database. http://www.genomesize.com."
"Danio rerio",24,"Hinegardner, R. and D.E. Rosen (1972). Cellular DNA content and the evolution of teleostean fishes. American Naturalist 106: 621-644.","",0.728406634481907,"Actinopterygii","Actinopterygii","Cypriniformes","Cyprinidae",1.64304,"Ciudad, J., E. Cid, A. Velasco, J.M. Lara, J. AijÛn, and A. Orfao (2002). Flow cytometry measurement of the DNA contents of G0/G1 diploid cells from three different teleost fish species. Cytometry 48: 20-25.","Gregory, T.R. (2024). Animal Genome Size Database. http://www.genomesize.com."
"Dasypus novemcinctus",32,"Pardo-Manuel de Villena F., Sapienza C. (2001) Female meiosis drives karyotype evolution in mammals. Genetics 159: 1179-1189.","The Tree of Sex Consortium. Tree of Sex: A database of sexual systems. Sci. Data 1:140015 doi: 10.1038/sdata.2014.15 (2014).",0.476623705690401,"Mammalia","Mammalia","Cingulata","Dasypodidae",5.29098,"Redi, C.A., H. Zacharias, S. Merani, M. Oliveira-Miranda, M. Aguilera, M. Zuccotti, S. Garagna, and E. Capanna (2005). Genome sizes in Afrotheria, Xenartha, Euarchontoglires, and Laurasiatheria. Journal of Heredity 96: 485-493.","Gregory, T.R. (2024). Animal Genome Size Database. http://www.genomesize.com."
"Delphinapterus leucas",22,"Jarrell, G. H., & √Årnason, √ö. (2009). Banded karyotypes of a belukha whale, Delphinapterus leucas. Hereditas, 95(1), 37‚Äì41. https://doi.org/10.1111/j.1601-5223.1981.tb01326.x","",0.459294670082765,"Mammalia","Mammalia","Artiodactyla","Monodontidae",3.4719,"Oziolor, E. M., T. R. Gregory, J. W. Bickham, J. St. Leger, and C. W. Matson (2019). Cetacean genome size diversity. Marine Mammal Science 35: 1133-1140.","Gregory, T.R. (2024). Animal Genome Size Database. http://www.genomesize.com."
"Dicentrarchus labrax",24,"Arai R. (2011) Fish Karyotypes, Springer.","The Tree of Sex Consortium. Tree of Sex: A database of sexual systems. Sci. Data 1:140015 doi: 10.1038/sdata.2014.15 (2014).",0.727154469211115,"Actinopterygii","Actinopterygii","Moroniformes","Moronidae",0.76284,"Peruzzi, S., B. Chatain, and B. Menu (2005). Flow cytometric determination of genome size in European seabass (Dicentrarchus labrax), gilthead seabream (Sparus aurata), thinlip mullet (Liza ramada), and European eel (Anguilla anguilla). Aquatic Living Resources 18: 77-81.","Gregory, T.R. (2024). Animal Genome Size Database. http://www.genomesize.com."
"Dipodomys ordii",37,"Pardo-Manuel de Villena F., Sapienza C. (2001) Female meiosis drives karyotype evolution in mammals. Genetics 159: 1179-1189.","The Tree of Sex Consortium. Tree of Sex: A database of sexual systems. Sci. Data 1:140015 doi: 10.1038/sdata.2014.15 (2014).",0.44642295914385,"Mammalia","Mammalia","Rodentia","Heteromyidae",4.61616,"Hatch, F.T., A.J. Bodner, J.A. Mazrimas, and D.H. Moore (1976). Satellite DNA and cytogenetic evolution: DNA quantity, satellite DNA and karyotypic variations in kangaroo rats (Genus Dipodomys). Chromosoma 58: 155-168.","Gregory, T.R. (2024). Animal Genome Size Database. http://www.genomesize.com."
"Dromaius novaehollandiae",40,"Nakamura, D., T.R. Tiersch, M. Douglass, and R.W. Chandler (1990). Rapid identification of sex in birds by flow cytometry. Cytogenetics and Cell Genetics 53: 201-205.","",0.00485948505080144,"Sauria","Aves","Casuariiformes","Casuariidae",1.59414,"Nakamura, D., T.R. Tiersch, M. Douglass, and R.W. Chandler (1990). Rapid identification of sex in birds by flow cytometry. Cytogenetics and Cell Genetics 53: 201-205.","Gregory, T.R. (2024). Animal Genome Size Database. http://www.genomesize.com."
"Electrophorus electricus",26,"Fonteles, S. B. A., Lopes, C. E., Akama, A., Fernandes, F. M. C., Porto-Foresti, F., Senhorini, J. A., Daniel-Silva, M. de F. Z., Foresti, F., & de Almeida-Toledo, L. F. (2008). Cytogenetic characterization of the strongly electric Amazonian eel, Electrophorus electricus (Teleostei, Gymnotiformes), from the Brazilian rivers Amazon and Araguaia. 31(1 suppl), 227‚Äì230. https://doi.org/10.1590/s1415-47572008000200010","",0.88503545694536,"Actinopterygii","Actinopterygii","Gymnotiformes","Gymnotidae",0.799,"Cheng, F., Dennis, A. B., Ijeoma Osuoha, J., Canitz, J., Kirschbaum, F., & Tiedemann, R. (2023). A new genome assembly of an African weakly electric fish (Campylomormyrus compressirostris, Mormyridae) indicates rapid gene family evolution in Osteoglossomorpha. BMC Genomics, 24(1). https://doi.org/10.1186/s12864-023-09196-6",""
"Eptatretus burgeri",18,"Nakai, Y., S. Kubota, Y. Goto, T. Ishibashi, W. Davison, and S. Kohno (1995). Chromosome elimination in three Baltic, south Pacific and north-east Pacific hagfish species. Chromosome Research 3: 321-330.","",0.986734215481593,"Others","Myxini","Myxiniformes","Myxinidae",2.91444,"Nakai, Y., S. Kubota, Y. Goto, T. Ishibashi, W. Davison, and S. Kohno (1995). Chromosome elimination in three Baltic, south Pacific and north-east Pacific hagfish species. Chromosome Research 3: 321-330.","Gregory, T.R. (2024). Animal Genome Size Database. http://www.genomesize.com."
"Equus asinus",31,"Vialli, M. and G. Gerzeli (1955). Il tenore di acide desossiribonucleico nei linfociti dell'asino, del cavallo e del mulo. Rendiconti Instituto Lombardo Scienze e Lettere, Sezione B 88: 273-281.","",0.686702140500106,"Mammalia","Mammalia","Perissodactyla","Equidae",4.02936,"Vialli, M. and G. Gerzeli (1955). Il tenore di acide desossiribonucleico nei linfociti dell'asino, del cavallo e del mulo. Rendiconti Instituto Lombardo Scienze e Lettere, Sezione B 88: 273-281.","Gregory, T.R. (2024). Animal Genome Size Database. http://www.genomesize.com."
"Equus caballus",32,"Tiersch, T.R., R.W. Chandler, S.S. Wachtel, and S. Elias (1989a). Reference standards for flow cytometry and application in comparative studies of nuclear DNA content. Cytometry 10: 706-710.","",0.785007633051467,"Mammalia","Mammalia","Perissodactyla","Equidae",3.0807,"Tiersch, T.R., R.W. Chandler, S.S. Wachtel, and S. Elias (1989a). Reference standards for flow cytometry and application in comparative studies of nuclear DNA content. Cytometry 10: 706-710.","Gregory, T.R. (2024). Animal Genome Size Database. http://www.genomesize.com."
"Erpetoichthys calabaricus",18,"Hinegardner, R. (1976a). The cellular DNA content of sharks, rays and some other fishes. Comparative Biochemistry and Physiology 55B: 367-370.","",0.719569124295541,"Actinopterygii","Actinopterygii","Polypteriformes","Polypteridae",4.7922,"Hinegardner, R. (1976a). The cellular DNA content of sharks, rays and some other fishes. Comparative Biochemistry and Physiology 55B: 367-370.","Gregory, T.R. (2024). Animal Genome Size Database. http://www.genomesize.com."
"Esox lucius",25,"Vinogradov, A.E. (1998a). Genome size and GC-percent in vertebrates as determined by flow cytometry: the triangular relationship. Cytometry 31: 100-109.","",0.703774429863881,"Actinopterygii","Actinopterygii","Esociformes","Esocidae",1.10514,"Hardie, D.C. and P.D.N. Hebert (2004). Genome-size evolution in fishes. Canadian Journal of Fisheries and Aquatic Sciences 61: 1636-1646.","Gregory, T.R. (2024). Animal Genome Size Database. http://www.genomesize.com."
"Falco tinnunculus",26,"Mingli, W., & Fengying, C. (1998). Study on karyotype of Hobby (Falco subbuteo) and Kestrel (Falco tinnunculus). Journal of Forestry Research, 9(2), 108‚Äì110. https://doi.org/10.1007/bf02864996","",0.69349794404311,"Sauria","Aves","Falconiformes","falconidae",2.60148,"Venturini, G., DíAmbrogi, R., & Capanna, E. (1986). Size and structure of the bird genomeóI DNA content of 48 species of neognathae. Comparative Biochemistry and Physiology Part B: Comparative Biochemistry, 85(1), 61ñ65. https://doi.org/10.1016/0305-0491(86)90221-x","Gregory, T.R. (2024). Animal Genome Size Database. http://www.genomesize.com."
"Felis catus",19,"Pardo-Manuel de Villena F., Sapienza C. (2001) Female meiosis drives karyotype evolution in mammals. Genetics 159: 1179-1189.","The Tree of Sex Consortium. Tree of Sex: A database of sexual systems. Sci. Data 1:140015 doi: 10.1038/sdata.2014.15 (2014).",0.719501771865772,"Mammalia","Mammalia","Carnivora","Felidae",2.84598,"Vinogradov, A.E. (1998a). Genome size and GC-percent in vertebrates as determined by flow cytometry: the triangular relationship. Cytometry 31: 100-109.","Gregory, T.R. (2024). Animal Genome Size Database. http://www.genomesize.com."
"Gadus morhua",23,"Gr√∏svik, B.E. and A.J. Raae (1992). The genome size and the structure and content of ribosomal RNA genes in Atlantic cod (Gadus morhua L.). Comparative Biochemistry and Physiology 101B: 407-411.","",0.570019698283379,"Actinopterygii","Actinopterygii","Gadiformes","Gadidae",0.90954,"Hardie, D.C. and P.D.N. Hebert (2003). The nucleotypic effects of cellular DNA content in cartilaginous and ray-finned fishes. Genome 46: 683-706.","Gregory, T.R. (2024). Animal Genome Size Database. http://www.genomesize.com."
"Gallus gallus",39,"Groenen, M. A. M., Crooijmans, R. P. M. A., Veenendaal, A., Cheng, H. H., Siwek, M., & van der Poel, J. J. (1998). A Comprehensive Microsatellite Linkage Map of the Chicken Genome. Genomics, 49(2), 265‚Äì274. https://doi.org/10.1006/geno.1998.5225","",0.985629500867044,"Sauria","Aves","Galliformes","Phasianidae",1.25184,"Kasai, F., P.C.M. O'Brien, and M.A. Ferguson-Smith (2012). Reassessment of genome size in turtle and crocodile based on chromosome measurement by flow karyotyping: close similarity to chicken. Biology Letters 8: 631-635.","Gregory, T.R. (2024). Animal Genome Size Database. http://www.genomesize.com."
"Gambusia affinis",24,"Arai R. (2011) Fish Karyotypes, Springer.","The Tree of Sex Consortium. Tree of Sex: A database of sexual systems. Sci. Data 1:140015 doi: 10.1038/sdata.2014.15 (2014).",0.927320709058926,"Actinopterygii","Actinopterygii","Cyprinodontiformes","Poeciliidae",0.91932,"Lamatsch, D.K., C. Steinlein, M. Schmid, and M. Schartl (2000). Noninvasive determination of genome size and ploidy level in fishes by flow cytometry: detection of triploid Poecilia formosa. Cytometry 39: 91-95.","Gregory, T.R. (2024). Animal Genome Size Database. http://www.genomesize.com."
"Gasterosteus aculeatus",21,"Kitano J. et al. (2009) A role for a neo-sex chromosome in stickleback speciation. Nature 461(7267):1079-1083.","The Tree of Sex Consortium. Tree of Sex: A database of sexual systems. Sci. Data 1:140015 doi: 10.1038/sdata.2014.15 (2014).",0.801441293061449,"Mammalia","Mammalia","Primates","Hominidae",0.56724,"Vinogradov, A.E. (1998a). Genome size and GC-percent in vertebrates as determined by flow cytometry: the triangular relationship. Cytometry 31: 100-109.","Gregory, T.R. (2024). Animal Genome Size Database. http://www.genomesize.com."
"Gopherus evgoodei",26,"Dowler, R. C., & Bickham, J. W. (1982). Chromosomal relationships of the tortoises (family Testudinidae). Genetica, 58(3), 189ñ197. https://doi.org/10.1007/bf00128013","",0.943049296083285,"Sauria","Reptilia","Testudines","Testudinidae",2.299,"«ilingir, F. G., AíBear, L., Hansen, D., Davis, L. R., Bunbury, N., Ozgul, A., Croll, D., & Grossen, C. (2022). Chromosome-level genome assembly for the Aldabra giant tortoise enables insights into the genetic health of a threatened population. GigaScience, 11. https://doi.org/10.1093/gigascience/giac090",""
"Gorilla gorilla",24,"Pardo-Manuel de Villena F., Sapienza C. (2001) Female meiosis drives karyotype evolution in mammals. Genetics 159: 1179-1189.","The Tree of Sex Consortium. Tree of Sex: A database of sexual systems. Sci. Data 1:140015 doi: 10.1038/sdata.2014.15 (2014).",0.529521472068438,"Mammalia","Mammalia","Primates","Hominidae",3.44256,"Krishan, A. P. Dandekar, N. Nathan, R. Hamelik, C. Miller, and J. Shaw (2005). DNA index, genome size, and electronic nuclear volume of vertebrates from the Miami Metro Zoo. Cytometry 65A: 26-34.","Gregory, T.R. (2024). Animal Genome Size Database. http://www.genomesize.com."
"Heterocephalus glaber",30,"Deuve, J. L. (2008). Cytosystematics, Sex Chromosome Translocations and Speciation In African Mole-Rats (Bathyergidae: Rodentia).","",0.363128969706031,"Mammalia","Mammalia","Rodentia","Heterocephalidae",2.8362,"Gallardo, M.H., J.W. Bickham, G. Kausel, N. Kˆhler, and R.L. Honeycutt (2002). Gradual and quantum genome size shifts in the hystricognath rodents. Journal of Evolutionary Biology 16: 163-169.","Gregory, T.R. (2024). Animal Genome Size Database. http://www.genomesize.com."
"Homo sapiens",23,"Schoch CL, et al. NCBI Taxonomy: a comprehensive update on curation, resources and tools. Database (Oxford). 2020: baaa062. PubMed: 32761142 PMC: PMC7408187.","",0.627708566717052,"Mammalia","Mammalia","Primates","Hominidae",3.423,"Schoch CL, et al. NCBI Taxonomy: a comprehensive update on curation, resources and tools. Database (Oxford). 2020: baaa062. PubMed: 32761142 PMC: PMC7408187.",""
"Ictalurus punctatus",29,"Arai R. (2011) Fish Karyotypes, Springer.","The Tree of Sex Consortium. Tree of Sex: A database of sexual systems. Sci. Data 1:140015 doi: 10.1038/sdata.2014.15 (2014).",0.835379039820298,"Actinopterygii","Actinopterygii","Siluriformes","Ictaluridae",1.0269,"Tiersch, T.R. and C.A. Goudie (1993). Inheritance and variation of genome size in half-sib families of hybrid catfishes. Journal of Heredity 84: 122-125.","Gregory, T.R. (2024). Animal Genome Size Database. http://www.genomesize.com."
"Kryptolebias marmoratus",24,"Scheel, J. J. (1972). Rivuline Karyotypes and their Evolution (Rivulinae, Cyprinodontidae, Pisces). Journal of Zoological Systematics & Evolutionary Research, 10(1), 180ñ209. https://doi.org/10.1111/j.1439-0469.1972.tb00797.x","",0.157624673040807,"Actinopterygii","Actinopterygii","Cyprinodontiformes","Rivulidae",0.755646977,"Rhee, J.-S., Choi, B.-S., Kim, J., Kim, B.-M., Lee, Y.-M., Kim, I.-C., Kanamori, A., Choi, I.-Y., Schartl, M., & Lee, J.-S. (2017). Diversity, distribution, and significance of transposable elements in the genome of the only selfing hermaphroditic vertebrate Kryptolebias marmoratus. Scientific Reports, 7(1), 40121. https://doi.org/10.1038/srep40121",""
"Larimichthys crocea",24,"Guo, D.-D., Liu, F., Niu, B.-L., Zhan, W., Xie, Q.-P., Zhang, Y., & Lou, B. (2022). Establishment of diploid hybrid strains derived from female Larimichthys crocea √ó male Larimichthys polyactis and transmission of parental mtDNA in hybrid progenies. Aquaculture, 561, 738693‚Äì738693. https://doi.org/10.1016/j.aquaculture.2022.738693","",0.863076696070018,"Actinopterygii","Actinopterygii","Acanthuriformes","Sciaenidae",0.70847,"Chen, B., Zhou, Z., Ke, Q., Wu, Y., Bai, H., Pu, F., & Xu, P. (2019). The sequencing and de novo assembly of the Larimichthys crocea genome using PacBio and Hi-C technologies. Scientific Data, 6(1). https://doi.org/10.1038/s41597-019-0194-3",""
"Lates calcarifer",24,"Khuda-Bukhsh A.R. (1979) Chromosomes in three species of fishes, Aplocheilus panchax (Cyrinodontidae), Lates calcerifer (Percidae), and Gadusia chapra (Clupeidae). Caryologia. 32: 161-169.","The Tree of Sex Consortium. Tree of Sex: A database of sexual systems. Sci. Data 1:140015 doi: 10.1038/sdata.2014.15 (2014).",0.582072886119593,"Actinopterygii","Actinopterygii","Perciformes","Latidae",0.6846,"Hardie, D.C. and P.D.N. Hebert (2004). Genome-size evolution in fishes. Canadian Journal of Fisheries and Aquatic Sciences 61: 1636-1646.","Gregory, T.R. (2024). Animal Genome Size Database. http://www.genomesize.com."
"Lepisosteus oculatus",34,"Ojima, Y. and K. Yamamoto (1990). Cellular DNA contents of fishes determined by flow cytometry. La Kromosomo II 57: 1871-1888.","",0.915327162528238,"Actinopterygii","Actinopterygii","Lepisosteiformes","Lepisosteidae",1.35942,"Hardie, D.C. and P.D.N. Hebert (2004). Genome-size evolution in fishes. Canadian Journal of Fisheries and Aquatic Sciences 61: 1636-1646.","Gregory, T.R. (2024). Animal Genome Size Database. http://www.genomesize.com."
"Leptobrachium leishanense",13,"Li, J., Yu, H., Wang, W., Fu, C., Zhang, W., Han, F., & Wu, H. (2019). Genomic and transcriptomic insights into molecular basis of sexually dimorphic nuptial spines in Leptobrachium leishanense. Nature Communications, 10(1). https://doi.org/10.1038/s41467-019-13531-5","",0.959850946850979,"Others","Amphibia","Anura","Megophryidae",3.56,"Li, J., Yu, H., Wang, W., Fu, C., Zhang, W., Han, F., & Wu, H. (2019). Genomic and transcriptomic insights into molecular basis of sexually dimorphic nuptial spines in Leptobrachium leishanense. Nature Communications, 10(1). https://doi.org/10.1038/s41467-019-13531-5",""
"Lonchura striata domestica",39,"Tiersch, T.R. and S.S. Wachtel (1991). On the evolution of genome size of birds. Journal of Heredity 82: 363-368.","",0.502854717985014,"Sauria","Aves","Passeriformes","Estrildidae",1.38876,"Tiersch, T.R. and S.S. Wachtel (1991). On the evolution of genome size of birds. Journal of Heredity 82: 363-368.","Gregory, T.R. (2024). Animal Genome Size Database. http://www.genomesize.com."
"Loxodonta africana",28,"Pardo-Manuel de Villena F., Sapienza C. (2001) Female meiosis drives karyotype evolution in mammals. Genetics 159: 1179-1189.","",0.655177116921084,"Mammalia","Mammalia","Proboscidea","Elephantidae",4.3521,"Kasai, F., P.C.M. O'Brien, and M.A. Ferguson-Smith (2013). Afrotheria genome: overestimation of genome size and distinct chromosome GC content revealed by flow karyotyping. Genomics 102: 468-471.","Gregory, T.R. (2024). Animal Genome Size Database. http://www.genomesize.com."
"Macaca fascicularis",21,"Pardo-Manuel de Villena F., Sapienza C. (2001) Female meiosis drives karyotype evolution in mammals. Genetics 159: 1179-1189.","The Tree of Sex Consortium. Tree of Sex: A database of sexual systems. Sci. Data 1:140015 doi: 10.1038/sdata.2014.15 (2014).",0.50947385104602,"Mammalia","Mammalia","Primates","Cercopithecidae",3.3741,"Formenti, D., S. Garagna, G.F. De Stefano, and C. Pellicciari (1983). Variazioni del contenuto nucleare in DNA negli Hominoidea. Antropologia Contemporanea 6: 219-224.","Gregory, T.R. (2024). Animal Genome Size Database. http://www.genomesize.com."
"Macaca mulatta",21,"Pardo-Manuel de Villena F., Sapienza C. (2001) Female meiosis drives karyotype evolution in mammals. Genetics 159: 1179-1189.","The Tree of Sex Consortium. Tree of Sex: A database of sexual systems. Sci. Data 1:140015 doi: 10.1038/sdata.2014.15 (2014).",0.602822717914355,"Mammalia","Mammalia","Primates","Cercopithecidae",3.51102,"Formenti, D., S. Garagna, G.F. De Stefano, and C. Pellicciari (1983). Variazioni del contenuto nucleare in DNA negli Hominoidea. Antropologia Contemporanea 6: 219-224.","Gregory, T.R. (2024). Animal Genome Size Database. http://www.genomesize.com."
"Macaca nemestrina",21,"Pellicciari, C., D. Formenti, C.A. Redi, and M.G. Manfredi Romanini (1982). DNA content variability in primates. Journal of Human Evolution 11: 131-141.","",0.303059015843824,"Mammalia","Mammalia","Primates","Cercopithecidae",3.48168,"Pellicciari, C., D. Formenti, C.A. Redi, and M.G. Manfredi Romanini (1982). DNA content variability in primates. Journal of Human Evolution 11: 131-141.","Gregory, T.R. (2024). Animal Genome Size Database. http://www.genomesize.com."
"Malurus cyaneus samueli",36,"Pe√±alba, J. V., Deng, Y., Fang, Q., Joseph, L., Moritz, C., & Cockburn, A. (2020). Genome of an iconic Australian bird: High‚Äêquality assembly and linkage map of the superb fairy‚Äêwren ( Malurus cyaneus ). Molecular Ecology Resources, 20(2), 560‚Äì578. https://doi.org/10.1111/1755-0998.13124","",0.951509197055715,"Sauria","Aves","Passeriformes","Maluridae",1.07,"PeÒalba, J. V., Deng, Y., Fang, Q., Joseph, L., Moritz, C., & Cockburn, A. (2020a). Genome of an iconic Australian bird: High?quality assembly and linkage map of the superb fairy?wren (Malurus cyaneus). Molecular Ecology Resources, 20(2), 560ñ578. https://doi.org/10.1111/1755-0998.13124",""
"Mastacembelus armatus",24,"Kushwaha, B., N. S. Nagpure, S. Srivastava, M. Pandey, R. Kumar, S. Raizada, S. Agarwal, M. Singh, V. S. Basheer, R. G. Kumar, P. Das, S. P. Das, S. Patnaik, A. Bit, S. K. Srivastava, A. L. Vishwakarma, C. G. Joshi, D. Kumar, and J. K. Jena (2023). Genome size estimation and its associations with body length, chromosome number and evolution in teleost fishes. Gene 864: 147294.","",0.484282698797461,"Actinopterygii","Actinopterygii","Synbranchiformes","Mastacembelidae",0.67482,"Kushwaha, B., N. S. Nagpure, S. Srivastava, M. Pandey, R. Kumar, S. Raizada, S. Agarwal, M. Singh, V. S. Basheer, R. G. Kumar, P. Das, S. P. Das, S. Patnaik, A. Bit, S. K. Srivastava, A. L. Vishwakarma, C. G. Joshi, D. Kumar, and J. K. Jena (2023). Genome size estimation and its associations with body length, chromosome number and evolution in teleost fishes. Gene 864: 147294.","Gregory, T.R. (2024). Animal Genome Size Database. http://www.genomesize.com."
"Meleagris gallopavo",40,"Vendrely, R. and C. Vendrely (1950). Sur la teneur absolue en acide d√©soxyribonucl√©ique du noyau cellulaire chez quelques esp√®ces d'oiseaux et de poissons. Comptes Rendus de l'Acad√©mie des Sciences 230: 788-790.","",0.942379607006256,"Sauria","Aves","Galliformes","Phasianidae",1.28118,"Krishan, A. P. Dandekar, N. Nathan, R. Hamelik, C. Miller, and J. Shaw (2005). DNA index, genome size, and electronic nuclear volume of vertebrates from the Miami Metro Zoo. Cytometry 65A: 26-34.","Gregory, T.R. (2024). Animal Genome Size Database. http://www.genomesize.com."
"Melopsittacus undulatus",31,"Van Dongen, M. W. M., & De Boer, L. E. M. (1984). Chromosome studies of 8 species of parrots of the families Cacatuidae and Psittacidae (Aves: Psittaciformes). Genetica, 65(1), 109‚Äì117. https://doi.org/10.1007/bf00056770","",0.764045454967732,"Sauria","Aves","Psittaciformes","Psittaculidae",1.19316,"Andrews, C.B. and T.R. Gregory (2009). Genome size is inversely correlated with relative brain size in parrots and cockatoos. Genome 52: 261-267.","Gregory, T.R. (2024). Animal Genome Size Database. http://www.genomesize.com."
"Mesocricetus auratus",22,"Vinogradov, A.E. (1998a). Genome size and GC-percent in vertebrates as determined by flow cytometry: the triangular relationship. Cytometry 31: 100-109.","",0.683777224085503,"Mammalia","Mammalia","Rodentia","Cricetidae",3.35454,"Vinogradov, A.E. (1998a). Genome size and GC-percent in vertebrates as determined by flow cytometry: the triangular relationship. Cytometry 31: 100-109.","Gregory, T.R. (2024). Animal Genome Size Database. http://www.genomesize.com."
"Microcebus murinus",33,"Pellicciari, C., D. Formenti, C.A. Redi, and M.G. Manfredi Romanini (1982). DNA content variability in primates. Journal of Human Evolution 11: 131-141.","",0.676273458049612,"Mammalia","Mammalia","Primates","Cheirogaleidae",3.05136,"Pellicciari, C., D. Formenti, C.A. Redi, and M.G. Manfredi Romanini (1982). DNA content variability in primates. Journal of Human Evolution 11: 131-141.","Gregory, T.R. (2024). Animal Genome Size Database. http://www.genomesize.com."
"Microtus ochrogaster",27,"Hsu T.C., Benirschke K. (1972) An Atlas of Mammalian Chromosomes, Volume 6, Springer-Verlag, New York.","The Tree of Sex Consortium. Tree of Sex: A database of sexual systems. Sci. Data 1:140015 doi: 10.1038/sdata.2014.15 (2014).",0.806208409677141,"Mammalia","Mammalia","Rodentia","Cricetidae",2.80686,"Schmid, W. and M.F. Leppert (1968). Karyotyp, Heterochromatin und DNS-Werte bei 13 Arten von W¸hlm‰usen (Microtinae, Mammalia-Rodentia). Archiv der Julius Klaus - Stiftung f¸r Verebungsforschung 43: 88-91.","Gregory, T.R. (2024). Animal Genome Size Database. http://www.genomesize.com."
"Mola mola",23,"Nakatsubo, T. (2008). A study on the reproductive biology of ocean sunfish Mola mola. https://www.oceansunfish.org/NakatsuboDissertationsSum.pdf","",0.727728092104674,"Actinopterygii","Actinopterygii","Tetraodontiformes","Molidae",0.82152,"Brainerd, E.L., S.S. Slutz, E.K. Hall, and R.W. Phillis (2001). Patterns of genome size evolution in tetraodontiform fishes. Evolution 55: 2363-2368.","Gregory, T.R. (2024). Animal Genome Size Database. http://www.genomesize.com."
"Monodelphis domestica",9,"de A. Carvalho, B., & Mattevi, M. S. (2000). (T2AG3)n telomeric sequence hybridization suggestive of centric fusion in karyotype marsupials evolution. Genetica, 108(3), 205ñ210. https://doi.org/10.1023/a:1004157915077","",0.962507567610773,"Mammalia","Mammalia","Didelphimorphia","Didelphidae",3.55,"Mikkelsen, T. S., Wakefield, M. J., Aken, B., Amemiya, C. T., Chang, J. L., Duke, S., Garber, M., Gentles, A. J., Goodstadt, L., Heger, A., Jurka, J., Kamal, M., Mauceli, E., Searle, S. M. J., Sharpe, T., Baker, M. L., Batzer, M. A., Benos, P. V., Belov, K., & Clamp, M. (2007). Genome of the marsupial Monodelphis domestica reveals innovation in non-coding sequences. Nature, 447(7141), 167ñ177. https://doi.org/10.1038/nature05805",""
"Mus caroli",20,"Redi, C.A., H. Zacharias, S. Merani, M. Oliveira-Miranda, M. Aguilera, M. Zuccotti, S. Garagna, and E. Capanna (2005). Genome sizes in Afrotheria, Xenartha, Euarchontoglires, and Laurasiatheria. Journal of Heredity 96: 485-493.","",0.703244137426357,"Mammalia","Mammalia","Rodentia","Muridae",2.95356,"Redi, C.A., H. Zacharias, S. Merani, M. Oliveira-Miranda, M. Aguilera, M. Zuccotti, S. Garagna, and E. Capanna (2005). Genome sizes in Afrotheria, Xenartha, Euarchontoglires, and Laurasiatheria. Journal of Heredity 96: 485-493.","Gregory, T.R. (2024). Animal Genome Size Database. http://www.genomesize.com."
"Mus musculus",20,"Pardo-Manuel de Villena F., Sapienza C. (2001) Female meiosis drives karyotype evolution in mammals. Genetics 159: 1179-1189.","The Tree of Sex Consortium. Tree of Sex: A database of sexual systems. Sci. Data 1:140015 doi: 10.1038/sdata.2014.15 (2014).",0.590395025653492,"Mammalia","Mammalia","Rodentia","Muridae",3.1785,"Vinogradov, A.E. (1998a). Genome size and GC-percent in vertebrates as determined by flow cytometry: the triangular relationship. Cytometry 31: 100-109.","Gregory, T.R. (2024). Animal Genome Size Database. http://www.genomesize.com."
"Mus spretus",20,"Redi, C.A., H. Zacharias, S. Merani, M. Oliveira-Miranda, M. Aguilera, M. Zuccotti, S. Garagna, and E. Capanna (2005). Genome sizes in Afrotheria, Xenartha, Euarchontoglires, and Laurasiatheria. Journal of Heredity 96: 485-493.","",0.713016510354934,"Mammalia","Mammalia","Rodentia","Muridae",3.59904,"Redi, C.A., H. Zacharias, S. Merani, M. Oliveira-Miranda, M. Aguilera, M. Zuccotti, S. Garagna, and E. Capanna (2005). Genome sizes in Afrotheria, Xenartha, Euarchontoglires, and Laurasiatheria. Journal of Heredity 96: 485-493.","Gregory, T.R. (2024). Animal Genome Size Database. http://www.genomesize.com."
"Mustela putorius furo",20,"Hsu T.C., Benirschke K. (1969) An Atlas of Mammalian Chromosomes, Volume 3, Springer-Verlag, New York.","The Tree of Sex Consortium. Tree of Sex: A database of sexual systems. Sci. Data 1:140015 doi: 10.1038/sdata.2014.15 (2014).",0.60527428651661,"Mammalia","Mammalia","Carnivora","Mustelidae",2.74818,"Krishan, A. P. Dandekar, N. Nathan, R. Hamelik, C. Miller, and J. Shaw (2005). DNA index, genome size, and electronic nuclear volume of vertebrates from the Miami Metro Zoo. Cytometry 65A: 26-34.","Gregory, T.R. (2024). Animal Genome Size Database. http://www.genomesize.com."
"Myotis lucifugus",22,"Fenton, M. B., & Barclay, R. M. R. (1980). Myotis lucifugus. Mammalian Species, 142, 1. https://doi.org/10.2307/3503792","",0.843332157869591,"Mammalia","Mammalia","Chiroptera","Vespertilionidae",2.21028,"Smith, J.D.L., J.W. Bickham, and T.R. Gregory (2013). Patterns of genome size diversity in bats (order Chiroptera). Genome 56: 457ñ472.","Gregory, T.R. (2024). Animal Genome Size Database. http://www.genomesize.com."
"Naja naja",19,"Olmo E., Signorino G.G. (2005) ChromoRep: A reptiles chromosomes database.","The Tree of Sex Consortium. Tree of Sex: A database of sexual systems. Sci. Data 1:140015 doi: 10.1038/sdata.2014.15 (2014).",0.984126988895288,"Sauria","Reptilia","Squamata","Elapidae",1.48,"Li, A., Wang, J., Sun, K., Wang, S., Zhao, X., Wang, T., Xiong, L., Xu, W., Qiu, L., Shang, Y., Liu, R., Wang, S., & Lu, Y. (2021). Two Reference-Quality Sea Snake Genomes Reveal Their Divergent Evolution of Adaptive Traits and Venom Systems. Molecular Biology and Evolution. https://doi.org/10.1093/molbev/msab212",""
"Neogobius melanostomus",23,"Ocalewicz, K., & Sapota, M. (2011). Cytogenetic characteristics of the round gobyNeogobius melanostomus(Pallas, 1814) (Teleostei: Gobiidae: Benthophilinae). Marine Biology Research, 7(2), 195‚Äì201. https://doi.org/10.1080/17451000.2010.489613","",0.777732513617835,"Actinopterygii","Actinopterygii","Gobiiformes","Gobiidae",1.24206,"Hardie, D.C. and P.D.N. Hebert (2003). The nucleotypic effects of cellular DNA content in cartilaginous and ray-finned fishes. Genome 46: 683-706.","Gregory, T.R. (2024). Animal Genome Size Database. http://www.genomesize.com."
"Neovison vison",15,"Pardo-Manuel de Villena F., Sapienza C. (2001) Female meiosis drives karyotype evolution in mammals. Genetics 159: 1179-1189.","",0.537886817827409,"Mammalia","Mammalia","Carnivora","Mustelidae",2.7,"Skorupski, J. 70 years of research on the American mink (Neovison vison schreb., 1777) genetics - where are we now? Genetika 47, 357ñ373 (2015).",""
"Nothobranchius furzeri",19,"Bulavkina, E. V., Kudryavtsev, A., Goncharova, M. A., Lantsova, M. S., Shuvalova, A. I., Kovalev, M. A., & Kudryavtseva, A. V. (2022). Multifaceted Nothobranchius. Biokhimiya, 87(12-13), 1563‚Äì1578. https://doi.org/10.1134/s0006297922120136","",0.779516847848378,"Actinopterygii","Actinopterygii","Cyprinodontiformes","Nothobranchiidae",1.52568,"Reichwald, K., C. Lauber, I. Nanda, J. Kirschner, N. Hartmann, S. Schories, U. Gausmann, S. Taudien, M.B. Schilhabel, K. Szafranski, G. Glockner, M. Schmid, A. Cellerino, M. Schartl, C. Englert, and M. Platzer (2009). High tandem repeat content in the genome of the short-lived annual fish Nothobranchius furzeri: a new vertebrate model for aging research. Genome Biology 10: R16.","Gregory, T.R. (2024). Animal Genome Size Database. http://www.genomesize.com."
"Numida meleagris",39,"Venturini, G., R. D'Ambrogi, and E. Capanna (1986). Size and structure of the bird genome. I. DNA content of 48 species of Neognathae.. Comparative Biochemistry and Physiology 85B: 61-65.","",0.985003045940394,"Sauria","Aves","Galliformes","Numididae",1.21272,"Wright, N.A., T.R. Gregory, and C.C. Witt (2014). Metabolic \ëengines\í of flight drive genome size reduction in birds. Proceedings of the Royal Society of London B 281: .","Gregory, T.R. (2024). Animal Genome Size Database. http://www.genomesize.com."
"Octodon degus",29,"Ruedas, L.A., J.A. Cook, T.L. Yates, and J.W. Bickham (1993). Conservative genome size and rapid chromosomal evolution in the South American tuco-tucos (Rodentia: Ctenomyidae). Genome 36: 449-458.","",0.324896772102142,"Mammalia","Mammalia","Rodentia","Octodontidae",4.2054,"Gallardo, M.H., J.W. Bickham, G. Kausel, N. Kˆhler, and R.L. Honeycutt (2002). Gradual and quantum genome size shifts in the hystricognath rodents. Journal of Evolutionary Biology 16: 163-169.","Gregory, T.R. (2024). Animal Genome Size Database. http://www.genomesize.com."
"Oncorhynchus kisutch",30,"Arai R. (2011) Fish Karyotypes, Springer.","The Tree of Sex Consortium. Tree of Sex: A database of sexual systems. Sci. Data 1:140015 doi: 10.1038/sdata.2014.15 (2014).",0.894828189750652,"Actinopterygii","Actinopterygii","Salmoniformes","Salmonidae",2.5428,"Johnson, O.W., F.M. Utter, and P.S. Rabinovitch (1987). Interspecies differences in salmonid cellular DNA identified by flow cytometry. Copeia 1987: 1001-1009.","Gregory, T.R. (2024). Animal Genome Size Database. http://www.genomesize.com."
"Oncorhynchus mykiss",30,"Arai R. (2011) Fish Karyotypes, Springer.","The Tree of Sex Consortium. Tree of Sex: A database of sexual systems. Sci. Data 1:140015 doi: 10.1038/sdata.2014.15 (2014).",0.843069483554465,"Actinopterygii","Actinopterygii","Salmoniformes","Salmonidae",2.63082,"Krishan, A. P. Dandekar, N. Nathan, R. Hamelik, C. Miller, and J. Shaw (2005). DNA index, genome size, and electronic nuclear volume of vertebrates from the Miami Metro Zoo. Cytometry 65A: 26-34.","Gregory, T.R. (2024). Animal Genome Size Database. http://www.genomesize.com."
"Oncorhynchus tshawytscha",34,"Arai R. (2011) Fish Karyotypes, Springer.","The Tree of Sex Consortium. Tree of Sex: A database of sexual systems. Sci. Data 1:140015 doi: 10.1038/sdata.2014.15 (2014).",0.883544347411093,"Actinopterygii","Actinopterygii","Salmoniformes","Salmonidae",2.3961,"Hardie, D.C. and P.D.N. Hebert (2004). Genome-size evolution in fishes. Canadian Journal of Fisheries and Aquatic Sciences 61: 1636-1646.","Gregory, T.R. (2024). Animal Genome Size Database. http://www.genomesize.com."
"Oreochromis aureus",22,"Arai R. (2011) Fish Karyotypes, Springer.","The Tree of Sex Consortium. Tree of Sex: A database of sexual systems. Sci. Data 1:140015 doi: 10.1038/sdata.2014.15 (2014).",0.936072842767071,"Actinopterygii","Actinopterygii","Cichliformes","Cichlidae",1.18338,"Majumdar, K.C. and B.J. McAndrew (1986). Relative DNA content of somatic nuclei and chromosomal studies in three genera, Tilapia, Saerodon, and Oreochromis of the tribe Tilapiini (Pisces, Cichlidae).. Genetica 68: 175-188.","Gregory, T.R. (2024). Animal Genome Size Database. http://www.genomesize.com."
"Oreochromis niloticus",22,"Arai R. (2011) Fish Karyotypes, Springer.","The Tree of Sex Consortium. Tree of Sex: A database of sexual systems. Sci. Data 1:140015 doi: 10.1038/sdata.2014.15 (2014).",0.822531079741608,"Actinopterygii","Actinopterygii","Cichliformes","Cichlidae",0.96822,"Cui, J., X. Ren, and Q. Yu (1991). Nuclear DNA content variation in fishes. Cytologia 56: 425-429.","Gregory, T.R. (2024). Animal Genome Size Database. http://www.genomesize.com."
"Ornithorhynchus anatinus",26,"Bick Y., Sharman G. (1975) The chromosomes of the platypus (Ornithorhynchus): Monotremata. Cytobios 14: 17_28.","The Tree of Sex Consortium. Tree of Sex: A database of sexual systems. Sci. Data 1:140015 doi: 10.1038/sdata.2014.15 (2014).",0.902506775962804,"Mammalia","Mammalia","Monotremata","Ornithorhynchidae",2.99268,"Bick, Y.A.E. and W.D. Jackson (1967). DNA content of monotremes. Nature 215: 192-193.","Gregory, T.R. (2024). Animal Genome Size Database. http://www.genomesize.com."
"Oryctolagus cuniculus",22,"Pardo-Manuel de Villena F., Sapienza C. (2001) Female meiosis drives karyotype evolution in mammals. Genetics 159: 1179-1189.","The Tree of Sex Consortium. Tree of Sex: A database of sexual systems. Sci. Data 1:140015 doi: 10.1038/sdata.2014.15 (2014).",0.808701357974846,"Mammalia","Mammalia","Lagomorpha","Leporidae",3.18828,"Vinogradov, A.E. (1998a). Genome size and GC-percent in vertebrates as determined by flow cytometry: the triangular relationship. Cytometry 31: 100-109.","Gregory, T.R. (2024). Animal Genome Size Database. http://www.genomesize.com."
"Oryzias javanicus",24,"Arai R. (2011) Fish Karyotypes, Springer.","The Tree of Sex Consortium. Tree of Sex: A database of sexual systems. Sci. Data 1:140015 doi: 10.1038/sdata.2014.15 (2014).",0.451697421803658,"Actinopterygii","Actinopterygii","Beloniformes","Adrianichthyidae",0.85086,"Uwa, H. and A. Iwata (1981). Karyotype and cellular DNA content of Oryzias javanicus (Oryziatidae, Pisces). Chromosome Information Service 31: 24-26.","Gregory, T.R. (2024). Animal Genome Size Database. http://www.genomesize.com."
"Oryzias latipes",24,"Arai R. (2011) Fish Karyotypes, Springer.","The Tree of Sex Consortium. Tree of Sex: A database of sexual systems. Sci. Data 1:140015 doi: 10.1038/sdata.2014.15 (2014).",0.425346801381725,"Actinopterygii","Actinopterygii","Beloniformes","Adrianichthyidae",1.06602,"Lamatsch, D.K., C. Steinlein, M. Schmid, and M. Schartl (2000). Noninvasive determination of genome size and ploidy level in fishes by flow cytometry: detection of triploid Poecilia formosa. Cytometry 39: 91-95.","Gregory, T.R. (2024). Animal Genome Size Database. http://www.genomesize.com."
"Oryzias melastigma",24,"Uwa, H., Iwamatsu, T., & Saxena, O. P. (1983). Karyotype and Cellular DNA Content of the Indian Ricefish, Oryzias mclastigma. Proceedings of the Japan Academy, Series B, 59(3), 43‚Äì47. https://doi.org/10.2183/pjab.59.43","",0.7245730968594,"Actinopterygii","Actinopterygii","Beloniformes","Adrianichthyidae",0.677,"Kim, H.-S., Lee, B.-Y., Han, J., Jeong, C.-B., Hwang, D.-S., Lee, M.-C., Kang, H.-M., Kim, D.-H., Lee, D., Kim, J., Choi, I.-Y., & Lee, J.-S. (2018). The genome of the marine medaka Oryzias melastigma. Molecular Ecology Resources, 18(3), 656ñ665. https://doi.org/10.1111/1755-0998.12769",""
"Ovis aries rambouillet",27,"Pardo-Manuel de Villena F., Sapienza C. (2001) Female meiosis drives karyotype evolution in mammals. Genetics 159: 1179-1189.","The Tree of Sex Consortium. Tree of Sex: A database of sexual systems. Sci. Data 1:140015 doi: 10.1038/sdata.2014.15 (2014).",0.771480203713272,"Mammalia","Mammalia","Artiodactyla","Bovidae",3.2274,"Sumner, A.T. and R.A. Buckland (1976). Relative DNA contents of somatic nuclei of ox, sheep and goat. Chromosoma 57: 171-175.","Gregory, T.R. (2024). Animal Genome Size Database. http://www.genomesize.com."
"Pan troglodytes",24,"Pardo-Manuel de Villena F., Sapienza C. (2001) Female meiosis drives karyotype evolution in mammals. Genetics 159: 1179-1189.","The Tree of Sex Consortium. Tree of Sex: A database of sexual systems. Sci. Data 1:140015 doi: 10.1038/sdata.2014.15 (2014).",0.572128551057393,"Mammalia","Mammalia","Primates","Hominidae",3.38388,"Krishan, A. P. Dandekar, N. Nathan, R. Hamelik, C. Miller, and J. Shaw (2005). DNA index, genome size, and electronic nuclear volume of vertebrates from the Miami Metro Zoo. Cytometry 65A: 26-34.","Gregory, T.R. (2024). Animal Genome Size Database. http://www.genomesize.com."
"Panthera leo",19,"Haas, S. K., Hayssen, V., & Krausman, P. R. (2005). Panthera leo. Mammalian Species, 762, 1‚Äì11. https://doi.org/10.2307/3504539","",0.607617060727811,"Mammalia","Mammalia","Carnivora","Felidae",2.8851,"Krishan, A. P. Dandekar, N. Nathan, R. Hamelik, C. Miller, and J. Shaw (2005). DNA index, genome size, and electronic nuclear volume of vertebrates from the Miami Metro Zoo. Cytometry 65A: 26-34.","Gregory, T.R. (2024). Animal Genome Size Database. http://www.genomesize.com."
"Panthera pardus",19,"Pardo-Manuel de Villena F., Sapienza C. (2001) Female meiosis drives karyotype evolution in mammals. Genetics 159: 1179-1189.","The Tree of Sex Consortium. Tree of Sex: A database of sexual systems. Sci. Data 1:140015 doi: 10.1038/sdata.2014.15 (2014).",0.562210352799331,"Mammalia","Mammalia","Carnivora","Felidae",2.44,"Zhou, C., Liu, Y., Zhang, R., Zheng, X., Zhao, G., Li, F., Liu, W., Yue, B., & Yang, N. (2022). Chromosome-level Genome Assembly of the High-altitude Leopard (Panthera pardus) Sheds Light on Its Environmental Adaptation. Genome Biology and Evolution, 14(9). https://doi.org/10.1093/gbe/evac128",""
"Panthera tigris altaica",19,"Pardo-Manuel de Villena F., Sapienza C. (2001) Female meiosis drives karyotype evolution in mammals. Genetics 159: 1179-1189.","The Tree of Sex Consortium. Tree of Sex: A database of sexual systems. Sci. Data 1:140015 doi: 10.1038/sdata.2014.15 (2014).",0.566698178856498,"Mammalia","Mammalia","Carnivora","Felidae",2.52324,"E.M. Rasch. Unpublished Data","Gregory, T.R. (2024). Animal Genome Size Database. http://www.genomesize.com."
"Parus major",40,"De Smet, W.H.O. (1981). The nuclear Feulgen-DNA content of the vertebrates (especially reptiles), as measured by fluorescence cytophotometry, with notes on the cell and chromosome size. Acta Zoologica et Pathologica Antverpiensia 76: 119-167.","",0.977730474815835,"Sauria","Aves","Passeriformes","Paridae",1.47678,"De Smet, W.H.O. (1981). The nuclear Feulgen-DNA content of the vertebrates (especially reptiles), as measured by fluorescence cytophotometry, with notes on the cell and chromosome size. Acta Zoologica et Pathologica Antverpiensia 76: 119-167.","Gregory, T.R. (2024). Animal Genome Size Database. http://www.genomesize.com."
"Pelusios castaneus",17,"Killebrew, F. C. (1975). Mitotic Chromosomes of Turtles: I. The Pelomedusidae. Journal of Herpetology, 9(3), 281. https://doi.org/10.2307/1563192","The Tree of Sex Consortium. Tree of Sex: A database of sexual systems. Sci. Data 1:140015 doi: 10.1038/sdata.2014.15 (2014).",0.486905184161308,"Sauria","Reptilia","Testudines","Pelomedusidae",2.04,"Mira-Jover, A., Gracia, E., Giminez, A., Fritz, U., Rodriguez-Caro, R. C., & Bourgeois, Y. (2024). Taking advantage of reference-guided assembly in a slowly-evolving lineage: application to Testudo graeca. https://doi.org/10.1101/2024.04.25.591224",""
"Periophthalmus magnuspinnatus",23,"Saberii, F., Gharzi, A., Jazayeri, A., Akmali, V., & Chehri, K. (2023). Research Article: Karyological analysis of two species of mudskippers (Teleostei: Gobioidei: Oxudersidae) in the Musa estuary, Persian Gulf, Iran. Iranian Journal of Fisheries Sciences, 22(2), 368ñ383. https://jifro.ir/article-1-5213-fa.html","",0.578761783993678,"Actinopterygii","Actinopterygii","Gobiiformes","Oxudercidae",0.773,"Huang, Y., Huang, Y., Li, R., Xu, P., You, X., Lv, Y., Ruan, Z., Chen, J., Xu, J., & Shi, Q. (2023). Genomics comparisons of three chromosome-level mudskipper genome assemblies reveal molecular clues for water-to-land evolution and adaptation. Journal of Advanced Research. https://doi.org/10.1016/j.jare.2023.05.005",""
"Peromyscus maniculatus bairdii",24,"Deaven, L.L., L. Vidal-Rioja, J.H. Jett, and T.C. Hsu (1977). Chromosomes of Peromyscus (Rodentia, Cricetidae). VI. The genomic size.. Cytogenetics and Cell Genetics 19: 241-249.","",0.733404723826271,"Mammalia","Mammalia","Rodentia","Cricetidae",4.26408,"Deaven, L.L., L. Vidal-Rioja, J.H. Jett, and T.C. Hsu (1977). Chromosomes of Peromyscus (Rodentia, Cricetidae). VI. The genomic size.. Cytogenetics and Cell Genetics 19: 241-249.","Gregory, T.R. (2024). Animal Genome Size Database. http://www.genomesize.com."
"Phascolarctos cinereus",8,"Martin, P.G. and D.L. Hayman (1967). Quantitative comparisons between the karyotypes of Australian marsupials from three different superfamilies. Chromosoma 20: 290-310.","",0.0401750105202071,"Mammalia","Mammalia","Diprotodontia","Phascolarctidae",3.60882,"Martin, P.G. and D.L. Hayman (1967). Quantitative comparisons between the karyotypes of Australian marsupials from three different superfamilies. Chromosoma 20: 290-310.","Gregory, T.R. (2024). Animal Genome Size Database. http://www.genomesize.com."
"Phasianus colchicus",41,"Tiersch, T.R. and S.S. Wachtel (1991). On the evolution of genome size of birds. Journal of Heredity 82: 363-368.","",0.451484390105677,"Sauria","Aves","Galliformes","Phaesianidae",1.23228,"Tiersch, T.R. and S.S. Wachtel (1991). On the evolution of genome size of birds. Journal of Heredity 82: 363-368.","Gregory, T.R. (2024). Animal Genome Size Database. http://www.genomesize.com."
"Physeter catodon",21,"Pardo-Manuel de Villena F., Sapienza C. (2001) Female meiosis drives karyotype evolution in mammals. Genetics 159: 1179-1189.","The Tree of Sex Consortium. Tree of Sex: A database of sexual systems. Sci. Data 1:140015 doi: 10.1038/sdata.2014.15 (2014).",0.430167365049222,"Mammalia","Mammalia","Artiodactyla","Physeteridae",3.36432,"Oziolor, E. M., T. R. Gregory, J. W. Bickham, J. St. Leger, and C. W. Matson (2019). Cetacean genome size diversity. Marine Mammal Science 35: 1133-1140.",""
"Podarcis muralis",19,"Belcheva R., Petkov P., Kehajov I. (1989) Cytogenetical and isoenzyme studies on two species of the genus Lacerta - Lacerta vivipara Jacq. and Lacerta muraliis Laur. (Reptilia, Lacertidae). Acta zoologica Bulgarica 37: 34-43.","The Tree of Sex Consortium. Tree of Sex: A database of sexual systems. Sci. Data 1:140015 doi: 10.1038/sdata.2014.15 (2014).",0.668866886063606,"Sauria","Reptilia","Squamata","Lacertidae",1.6626,"Vinogradov, A.E. (1998a). Genome size and GC-percent in vertebrates as determined by flow cytometry: the triangular relationship. Cytometry 31: 100-109.","Gregory, T.R. (2024). Animal Genome Size Database. http://www.genomesize.com."
"Poecilia reticulata",23,"Arai R. (2011) Fish Karyotypes, Springer.","The Tree of Sex Consortium. Tree of Sex: A database of sexual systems. Sci. Data 1:140015 doi: 10.1038/sdata.2014.15 (2014).",0.63211199315925,"Actinopterygii","Actinopterygii","Cyprinodontiformes","Poeciliidae",0.978,"Vinogradov, A.E. (1998a). Genome size and GC-percent in vertebrates as determined by flow cytometry: the triangular relationship. Cytometry 31: 100-109.","Gregory, T.R. (2024). Animal Genome Size Database. http://www.genomesize.com."
"Pogona vitticeps",16,"MacCulloch, R.D., D.E. Upton, and R.W. Murphy (1996). Trends in nuclear DNA content among amphibians and reptiles. Comparative Biochemistry and Physiology 113B: 601-605.","",0.0290466434097674,"Sauria","Reptilia","Squamata","Agamidae",1.77018,"MacCulloch, R.D., D.E. Upton, and R.W. Murphy (1996). Trends in nuclear DNA content among amphibians and reptiles. Comparative Biochemistry and Physiology 113B: 601-605.","Gregory, T.R. (2024). Animal Genome Size Database. http://www.genomesize.com."
"Rattus norvegicus",21,"Pardo-Manuel de Villena F., Sapienza C. (2001) Female meiosis drives karyotype evolution in mammals. Genetics 159: 1179-1189.","The Tree of Sex Consortium. Tree of Sex: A database of sexual systems. Sci. Data 1:140015 doi: 10.1038/sdata.2014.15 (2014).",0.745330130659208,"Mammalia","Mammalia","Rodentia","Muridae",2.9829,"Vinogradov, A.E. (1998a). Genome size and GC-percent in vertebrates as determined by flow cytometry: the triangular relationship. Cytometry 31: 100-109.","Gregory, T.R. (2024). Animal Genome Size Database. http://www.genomesize.com."
"Rhinolophus ferrumequinum",29,"Vinogradov, A.E. (1998a). Genome size and GC-percent in vertebrates as determined by flow cytometry: the triangular relationship. Cytometry 31: 100-109.","",0.373970941533112,"Mammalia","Mammalia","Chiroptera","Rhinolophidae",2.62104,"Kato, H., M. Harada, K. Tsuchiya, and K. Moriwaki (1980). Absence of correlation between DNA repair in ultraviolet irradiated mammalian cells and life span of the donor species. Japanese Journal of Genetics 55: 99-108.","Gregory, T.R. (2024). Animal Genome Size Database. http://www.genomesize.com."
"Rhinopithecus bieti",22,"Yifeng, C., Lihua, L., Xiangnian, S., & Xiaomei, C. (1979). The karyotype of the golden monkey (Rhinopithecus r. roxellanae). Journal of Human Evolution, 8(6), 597-IN15. https://doi.org/10.1016/0047-2484(79)90113-1","",0.080163109198253,"Mammalia","Mammalia","Primates","Cercopithecidae",3.52,"Yu, L., Wang, G.-D., Ruan, J., Chen, Y.-B., Yang, C.-P., Cao, X., Wu, H., Liu, Y.-H., Du, Z.-L., Wang, X.-P., Yang, J., Cheng, S.-C., Zhong, L., Wang, L., Wang, X., Hu, J.-Y., Fang, L., Bai, B., Wang, K.-L., & Yuan, N. (2016). Genomic analysis of snub-nosed monkeys (Rhinopithecus) identifies genes and processes related to high-altitude adaptation. Nature Genetics, 48(8), 947ñ952. https://doi.org/10.1038/ng.3615",""
"Salarias fasciatus",23,"Matoulek, D., Bor?vkov·, V., Ocalewicz, K., & Symonov·, R. (2020). GC and Repeats Profiling along ChromosomesóThe Future of Fish Compositional Cytogenomics. Genes, 12(1), 50. https://doi.org/10.3390/genes12010050","",0.480010465387033,"Actinopterygii","Actinopterygii","Blenniiformes","Blenniidae",0.81174,"Hardie, D.C. and P.D.N. Hebert (2004). Genome-size evolution in fishes. Canadian Journal of Fisheries and Aquatic Sciences 61: 1636-1646.","Gregory, T.R. (2024). Animal Genome Size Database. http://www.genomesize.com."
"Salmo salar",29,"Arai R. (2011) Fish Karyotypes, Springer.","The Tree of Sex Consortium. Tree of Sex: A database of sexual systems. Sci. Data 1:140015 doi: 10.1038/sdata.2014.15 (2014).",0.903784922743083,"Actinopterygii","Actinopterygii","Salmoniformes","Salmonidae",3.19806,"Hardie, D.C. and P.D.N. Hebert (2004). Genome-size evolution in fishes. Canadian Journal of Fisheries and Aquatic Sciences 61: 1636-1646.","Gregory, T.R. (2024). Animal Genome Size Database. http://www.genomesize.com."
"Salmo trutta",40,"Arai R. (2011) Fish Karyotypes, Springer.","The Tree of Sex Consortium. Tree of Sex: A database of sexual systems. Sci. Data 1:140015 doi: 10.1038/sdata.2014.15 (2014).",0.804108329537945,"Actinopterygii","Actinopterygii","Salmoniformes","Salmonidae",3.0807,"Alfei, L., D. Cavallo, P. Eleuteri, M.G. Grollino, P.T. Colombari, A. Ferri, A. Onali, and R. De Vita (1996). Nuclear DNA content in Salmo fibreni in Lake Posta Fibreno, Italy. Journal of Fish Biology 48: 1051-1058.","Gregory, T.R. (2024). Animal Genome Size Database. http://www.genomesize.com."
"Salvator merianae",19,"da Silva, M. J., de Ara√∫jo Vieira, A. P., Galv√£o Cipriano, F. M., dos Santos C√¢ndido, M. R., de Oliveira, E. H. C., Gimenez Pinheiro, T., & da Silva, E. L. (2020). The Karyotype of Salvator merianae (Squamata, Teiidae): Analyses by Classical and Molecular Cytogenetic Techniques. Cytogenetic and Genome Research, 160(2), 94‚Äì99. https://doi.org/10.1159/000506140","",0.802978094472734,"Sauria","Reptilia","Squamata","Teiidae",1.9045,"Roscito, J. G., Sameith, K., Pippel, M., Francoijs, K.-J., Winkler, S., Dahl, A., Papoutsoglou, G., Myers, G., & Hiller, M. (2018). The genome of the tegu lizardSalvator merianae: combining Illumina, PacBio, and optical mapping data to generate a highly contiguous assembly. GigaScience, 7(12). https://doi.org/10.1093/gigascience/giy141",""
"Sander lucioperca",24,"Vinogradov, A.E. (1998a). Genome size and GC-percent in vertebrates as determined by flow cytometry: the triangular relationship. Cytometry 31: 100-109.","",0.475430444454692,"Actinopterygii","Actinopterygii","Perciformes","Percidae",1.11492,"Vinogradov, A.E. (1998a). Genome size and GC-percent in vertebrates as determined by flow cytometry: the triangular relationship. Cytometry 31: 100-109.","Gregory, T.R. (2024). Animal Genome Size Database. http://www.genomesize.com."
"Sarcophilus harrisii",7,"Martin, P.G. and D.L. Hayman (1967). Quantitative comparisons between the karyotypes of Australian marsupials from three different superfamilies. Chromosoma 20: 290-310.","",0.963882437993541,"Mammalia","Mammalia","Dasyuromorphia","Dasyuridae",2.92422,"Murchison, E.P., O.B. Schulz-Trieglaff, Z. Ning, L.B. Alexandrov, M.J. bauer, B. Fu, M. Hims, Z. Ding, S. Ivakhno, C. Stewart, B.L. Ng, W. Wong, B. Aken, S. White, A. Alsop, J. Becq, G.R. Bignell, R.K. Cheetham, W. Cheng, T.R. Connor, A.J. Cox, Z.-P. Feng (2012). Genome sequencing and analysis of the Tasmanian devil and its transmissible cancer. Cell 148: 780-791.","Gregory, T.R. (2024). Animal Genome Size Database. http://www.genomesize.com."
"Scleropages formosus",24,"Bian, C., Hu, Y., Ravi, V., Kuznetsova, I. S., Shen, X., Mu, X., Sun, Y., You, X., Li, J., Li, X., Qiu, Y., Tay, B.-H., Thevasagayam, N. M., Komissarov, A. S., Trifonov, V., Kabilov, M., Tupikin, A., Luo, J., Liu, Y., & Song, H. (2016b). The Asian arowana (Scleropages formosus) genome provides new insights into the evolution of an early lineage of teleosts. Scientific Reports, 6(1). https://doi.org/10.1038/srep24501","",0.869792001649275,"Actinopterygii","Actinopterygii","Osteoglossiformes","Osteoglossidae",0.89,"Bian, C., Hu, Y., Ravi, V., Kuznetsova, I. S., Shen, X., Mu, X., Sun, Y., You, X., Li, J., Li, X., Qiu, Y., Tay, B.-H., Thevasagayam, N. M., Komissarov, A. S., Trifonov, V., Kabilov, M., Tupikin, A., Luo, J., Liu, Y., & Song, H. (2016). The Asian arowana (Scleropages formosus) genome provides new insights into the evolution of an early lineage of teleosts. Scientific Reports, 6(1). https://doi.org/10.1038/srep24501",NA
"Scophthalmus maximus",22,"Wang, N., Wang, X. L., Sha, Z. X., Tian, Y. S., & Chen, S. L. (2010). Development and characterization of a new marine fish cell line from turbot (Scophthalmus maximus). Fish Physiology and Biochemistry, 36(4), 1227‚Äì1234. https://doi.org/10.1007/s10695-010-9402-y","",0.198617750058015,"Actinopterygii","Actinopterygii","Pleuroneciformes","Scophthalmidae",0.5605,"Xu, X., Shao, C., Xu, H., Zhou, Q., You, F., Wang, N., Li, W., Li, M., & Chen, S. (2020). Draft genomes of female and male turbot Scophthalmus maximus. Scientific Data, 7(1), 90. https://doi.org/10.1038/s41597-020-0426-6","Gregory, T.R. (2024). Animal Genome Size Database. http://www.genomesize.com."
"Serinus canaria",40,"Bachmann, K., B.A. Harrington, and J.P. Craig (1972). Genome size in birds. Chromosoma 37: 405-416.","",0.763487723041361,"Sauria","Aves","Passeriformes","Fringillidae",1.50612,"De Smet, W.H.O. (1981). The nuclear Feulgen-DNA content of the vertebrates (especially reptiles), as measured by fluorescence cytophotometry, with notes on the cell and chromosome size. Acta Zoologica et Pathologica Antverpiensia 76: 119-167.","Gregory, T.R. (2024). Animal Genome Size Database. http://www.genomesize.com."
"Seriola dumerili",24,"Vitturi, R., Mazzola, A., Macaluso, M., & Catalano, E. (1986). Chromosomal polymorphism associated with Robertsonian fusion in Seriola dumerili (Risso, 1810) (Pisces: Carangidae). Journal of Fish Biology, 29(5), 529‚Äì534. https://doi.org/10.1111/j.1095-8649.1986.tb04969.x","",0.783328761311275,"Actinopterygii","Actinopterygii","Carangiformes","Carangidae",0.72372,"Hardie, D.C. and P.D.N. Hebert (2004). Genome-size evolution in fishes. Canadian Journal of Fisheries and Aquatic Sciences 61: 1636-1646.","Gregory, T.R. (2024). Animal Genome Size Database. http://www.genomesize.com."
"Sparus aurata",24,"Arai R. (2011) Fish Karyotypes, Springer.","The Tree of Sex Consortium. Tree of Sex: A database of sexual systems. Sci. Data 1:140015 doi: 10.1038/sdata.2014.15 (2014).",0.415375338238851,"Actinopterygii","Actinopterygii","Spariformes","Sparidae",0.9291,"Peruzzi, S., B. Chatain, and B. Menu (2005). Flow cytometric determination of genome size in European seabass (Dicentrarchus labrax), gilthead seabream (Sparus aurata), thinlip mullet (Liza ramada), and European eel (Anguilla anguilla). Aquatic Living Resources 18: 77-81.","Gregory, T.R. (2024). Animal Genome Size Database. http://www.genomesize.com."
"Sphenodon punctatus",18,"Norris T.B., Rickards G.K., Daugherty C.H. (2004) Chromosomes of tuatara, Sphenodon, a chromosome heteromorphism and an archaic reptilian karyotype. Cytogenetic and Genome Research 105: 93-99.","The Tree of Sex Consortium. Tree of Sex: A database of sexual systems. Sci. Data 1:140015 doi: 10.1038/sdata.2014.15 (2014).",0.463772041189448,"Sauria","Reptilia","Rhynchocephalia","Sphenodontidae",4.89,"Olmo, E. (1981). Evolution of genome size and DNA base composition in reptiles. Genetica 57: 39-50.","Gregory, T.R. (2024). Animal Genome Size Database. http://www.genomesize.com."
"Strigops habroptila",12,"Dussex, N., Robertson, B. C., DalÈn, L., & Jarvis, E. D. (2022). The k?k?p? (Strigops habroptilus). Trends in Genetics, 0(0). https://doi.org/10.1016/j.tig.2022.03.004","",0.800753896192676,"Sauria","Aves","Psittaciformes","Strigopidae",1.28118,"Andrews, C.B. and T.R. Gregory (2009). Genome size is inversely correlated with relative brain size in parrots and cockatoos. Genome 52: 261-267.","Gregory, T.R. (2024). Animal Genome Size Database. http://www.genomesize.com."
"Strix occidentalis caurina",40,"Rebholz, R., De, M., Sasaki, M., R. H. R. Belterman, & C. Nishida-Umehara. (1993). The Chromosomal Phylogeny of Owls (Strigiformes) and New Karyotypes of Seven Species. CYTOLOGIA, 58(4), 403ñ416. https://doi.org/10.1508/cytologia.58.403","",0.339449891390445,"Sauria","Aves","Strigiformes","Strigidae",1.29,"Hanna, Z. R., Henderson, J. B., Wall, J. D., Emerling, C. A., Fuchs, J., Runckel, C., Mindell, D. P., Bowie, R. C. K., DeRisi, J. L., & Dumbacher, J. P. (2017). Northern Spotted Owl (Strix occidentalis caurina) Genome: Divergence with the Barred Owl (Strix varia) and Characterization of Light-Associated Genes. Genome Biology and Evolution, 9(10), 2522ñ2545. https://doi.org/10.1093/gbe/evx158",""
"Struthio camelus australis",40,"Eden, F.C., J.P. Hendrick, and S.S. Gottlieb (1978). Homology of single copy and repeated sequences in chicken, duck, Japanese quail, and ostrich DNA. Biochemistry 17: 5113-5121.","",0.885840099186862,"Sauria","Aves","Struthioniformes","Struthionidae",2.11248,"Eden, F.C., J.P. Hendrick, and S.S. Gottlieb (1978). Homology of single copy and repeated sequences in chicken, duck, Japanese quail, and ostrich DNA. Biochemistry 17: 5113-5121.","Gregory, T.R. (2024). Animal Genome Size Database. http://www.genomesize.com."
"Sus scrofa",18,"Tiersch, T.R., R.W. Chandler, S.S. Wachtel, and S. Elias (1989a). Reference standards for flow cytometry and application in comparative studies of nuclear DNA content. Cytometry 10: 706-710.","The Tree of Sex Consortium. Tree of Sex: A database of sexual systems. Sci. Data 1:140015 doi: 10.1038/sdata.2014.15 (2014).",0.750748674436502,"Mammalia","Mammalia","Artiodactyla","Suidae",3.13938,"Vinogradov, A.E. (1998a). Genome size and GC-percent in vertebrates as determined by flow cytometry: the triangular relationship. Cytometry 31: 100-109. ","Gregory, T.R. (2024). Animal Genome Size Database. http://www.genomesize.com."
"Taeniopygia guttata",40,"Pigozzi, M. I., & Solari, A. J. (1998). Germ cell restriction and regular transmission of an accessory chromosome that mimics a sex body in the zebra finch, Taeniopygia guttata. Chromosome Research, 6(2), 105ñ113. https://doi.org/10.1023/a:1009234912307","",0.963610256684005,"Sauria","Aves","Passeriformes","Estrildidae",1.2225,"Peterson, D.G., S.M. Stack, J.L. Healy, B.S. Donohoe, and L.K. Anderson (1994). The relationship between synaptonemal complex length and genome size in four vertebrate classes (Osteichthyes, Reptilia, Aves, Mammalia). Chromosome Research 2: 153-162.","Gregory, T.R. (2024). Animal Genome Size Database. http://www.genomesize.com."
"Takifugu rubripes",22,"Arai R. (2011) Fish Karyotypes, Springer.","The Tree of Sex Consortium. Tree of Sex: A database of sexual systems. Sci. Data 1:140015 doi: 10.1038/sdata.2014.15 (2014).",0.763982967233059,"Actinopterygii","Actinopterygii","Tetraodontiformes","Tetraodontidae",0.3912,"Brenner, S., G. Elgar, R. Sandford, A. Macrae, B. Venkatesh, and S. Aparicio (1993). Characterization of the pufferfish (Fugu) genome as a compact model vertebrate genome. Nature 366: 265-268.","Gregory, T.R. (2024). Animal Genome Size Database. http://www.genomesize.com."
"Terrapene carolina triunguis",25,"Bickham J.W., Carr J.L. (1983) Taxonomy and phylogeny of the higher categories of cryptodiran turtles based on a cladistic analysis of chromosomal data. Copeia 1983: 918-932.","The Tree of Sex Consortium. Tree of Sex: A database of sexual systems. Sci. Data 1:140015 doi: 10.1038/sdata.2014.15 (2014).",0.765308785310104,"Sauria","Reptilia","Testudines","Emydidae",2.53302,"Vinogradov, A.E. (1998a). Genome size and GC-percent in vertebrates as determined by flow cytometry: the triangular relationship. Cytometry 31: 100-109.","Gregory, T.R. (2024). Animal Genome Size Database. http://www.genomesize.com."
"Tetraodon nigroviridis",21,"Jaillon O. et al. (2004) Genome duplication in the teleost fish Tetraodon nigroviridis reveals the early vertebrate proto-karyotype. Nature 431: 946-957.","The Tree of Sex Consortium. Tree of Sex: A database of sexual systems. Sci. Data 1:140015 doi: 10.1038/sdata.2014.15 (2014).",0.997721347919059,"Actinopterygii","Actinopterygii","Tetraodontiformes","Tetraodontidae",0.3423,"Jaillon, O., J.-M. Aury, F. Brunet, J.-L. Petit, N. Strange-Thomann, E. Mauceli et al. (2004). Genome duplication in the teleost fish Tetraodon nigroviridis reveals the early vertebrate proto-karyotype. Nature 431: 946-957.","Gregory, T.R. (2024). Animal Genome Size Database. http://www.genomesize.com."
"Ursus thibetanus thibetanus",37,"Hsu T.C., Benirschke K. (1969) An Atlas of Mammalian Chromosomes, Volume 3, Springer-Verlag, New York.","",0.422219267485495,"Mammalia","Mammalia","Carnivora","Ursidae",2.36,"Zhu, C., Xu, W., Li, J., Liu, C., Hu, M., Yuan, Y., Yuan, K., Zhang, Y., Song, X., Han, J., & Cui, X. (2020). Draft Genome Assembly for the Tibetan Black Bear (Ursus thibetanus thibetanus). Frontiers in Genetics, 11. https://doi.org/10.3389/fgene.2020.00231",""
"Varanus komodoensis",20,"Johnson Pokorn√°, M. J., Altmanov√°, M., Rovatsos, M., Velensk√Ω, P., Vodiƒçka, R., Reh√°k, I., & Kratochv√≠l, L. (2016). First Description of the Karyotype and Sex Chromosomes in the Komodo Dragon (Varanus komodoensis). Cytogenetic and Genome Research, 148(4), 284‚Äì291. https://doi.org/10.1159/000447340","",0.922426728872272,"Sauria","Reptilia","Squamata","Varanidae",1.88754,"Krishan, A. P. Dandekar, N. Nathan, R. Hamelik, C. Miller, and J. Shaw (2005). DNA index, genome size, and electronic nuclear volume of vertebrates from the Miami Metro Zoo. Cytometry 65A: 26-34.","Gregory, T.R. (2024). Animal Genome Size Database. http://www.genomesize.com."
"Vombatus ursinus",7,"Martin, P.G. and D.L. Hayman (1967). Quantitative comparisons between the karyotypes of Australian marsupials from three different superfamilies. Chromosoma 20: 290-310.","",0.246196870568026,"Mammalia","Mammalia","Diprotodontia","Vombatidae",3.90222,"Martin, P.G. and D.L. Hayman (1967). Quantitative comparisons between the karyotypes of Australian marsupials from three different superfamilies. Chromosoma 20: 290-310.","Gregory, T.R. (2024). Animal Genome Size Database. http://www.genomesize.com."
"Vulpes vulpes",18,"Pardo-Manuel de Villena F., Sapienza C. (2001) Female meiosis drives karyotype evolution in mammals. Genetics 159: 1179-1189.","The Tree of Sex Consortium. Tree of Sex: A database of sexual systems. Sci. Data 1:140015 doi: 10.1038/sdata.2014.15 (2014).",0.659175106057594,"Mammalia","Mammalia","Carnivora","Canidae",2.7873,"Wurster-Hill, D.H., O.G. Ward, B.H. Davis, J.P. Park, R.K. Moyzis, and J. Meyne (1988). Fragile sites, telomeric DNA sequences, B chromosomes, and DNA content in raccoon dogs, Nyctereutes procyonoides, with comparative notes on foxes, coyote, wolf, and raccoon. Cytogenetics and Cell Genetics 49: 278-281.","Gregory, T.R. (2024). Animal Genome Size Database. http://www.genomesize.com."
"Xiphophorus couchianus",24,"Friedman, B., & Gordon, M. (1934b). Chromosome Numbers in Xiphophorin Fishes. The American Naturalist, 68(718), 446‚Äì455. https://doi.org/10.1086/280562","",0.861630462959589,"Actinopterygii","Actinopterygii","Cyprinodontiformes","Poeciliidae",0.7335,"Tiersch, T.R. and R.W. Chandler (1989). Chicken erythrocytes as an internal reference for analysis of DNA content by flow cytometry in grass carp. Transactions of the American Fisheries Society 118: 713-717.","Gregory, T.R. (2024). Animal Genome Size Database. http://www.genomesize.com."
"Xiphophorus maculatus",24,"Arai R. (2011) Fish Karyotypes, Springer.","The Tree of Sex Consortium. Tree of Sex: A database of sexual systems. Sci. Data 1:140015 doi: 10.1038/sdata.2014.15 (2014).",0.576445446375305,"Actinopterygii","Actinopterygii","Cyprinodontiformes","Poeciliidae",0.96822,"Lamatsch, D.K., C. Steinlein, M. Schmid, and M. Schartl (2000). Noninvasive determination of genome size and ploidy level in fishes by flow cytometry: detection of triploid Poecilia formosa. Cytometry 39: 91-95.","Gregory, T.R. (2024). Animal Genome Size Database. http://www.genomesize.com."
"Zalophus californianus",18,"Pardo-Manuel de Villena F., Sapienza C. (2001) Female meiosis drives karyotype evolution in mammals. Genetics 159: 1179-1189.","The Tree of Sex Consortium. Tree of Sex: A database of sexual systems. Sci. Data 1:140015 doi: 10.1038/sdata.2014.15 (2014).",0.424514124212152,"Mammalia","Mammalia","Carnifora","Otariidae",3.0807,"Du, B. and D. Wang (2006). C-values of seven marine mammal species determined by flow cytometry. Zoological Science 23: 1017-1020.","Gregory, T.R. (2024). Animal Genome Size Database. http://www.genomesize.com."
"Zonotrichia albicollis",41,"Tiersch, T.R. and S.S. Wachtel (1991). On the evolution of genome size of birds. Journal of Heredity 82: 363-368.","",0.690127718789455,"Sauria","Aves","Passeriformes","Passerellidae",1.30074,"Andrews, C.B., S.A. Mackenzie, and T.R. Gregory (2009). Genome size and wing parameters in passerine birds. Proceedings of the Royal Society of London B 276: 55-61.","Gregory, T.R. (2024). Animal Genome Size Database. http://www.genomesize.com."
