"species","clade","class","order","family","genome.size.est_bp","gnsz.source","gnsz.database"
"Ailuropoda melanoleuca","Mammalia","Mammalia","Carnivora","Ursidae",2.4e+09,"Yang, H. (2010). Sequencing and analysis of the giant panda genome. Science China.Life Sciences, 53(8), 1047-1048. https://doi.org/10.1007/s11427-010-4046-9",""
"Amazona collaria","Sauria","Aves","Psittaciformes","Psittacidae",1496340000,"Andrews, C.B. and T.R. Gregory (2009). Genome size is inversely correlated with relative brain size in parrots and cockatoos. Genome 52: 261-267.",""
"Amphiprion ocellaris","Actinopterygii","Actinopterygii",NA,"Pomacentridae",805385376,"Ryu, T., Herrera, M., Moore, B., Izumiyama, M., Kawai, E., Laudet, V., & Ravasi, T. (2022). A chromosome-scale genome assembly of the false clownfish, Amphiprion ocellaris. G3 Genes|Genomes|Genetics, 12(5). https://doi.org/10.1093/g3journal/jkac074",""
"Amphiprion percula","Actinopterygii","Actinopterygii",NA,"Pomacentridae",938880000,"Hardie, D.C. and P.D.N. Hebert (2004). Genome-size evolution in fishes. Canadian Journal of Fisheries and Aquatic Sciences 61: 1636-1646.","Gregory, T.R. (2024). Animal Genome Size Database. http://www.genomesize.com."
"Anabas testudineus","Actinopterygii","Actinopterygii","Anabantiformes","Anabantidae",704160000,"Kushwaha, B., N. S. Nagpure, S. Srivastava, M. Pandey, R. Kumar, S. Raizada, S. Agarwal, M. Singh, V. S. Basheer, R. G. Kumar, P. Das, S. P. Das, S. Patnaik, A. Bit, S. K. Srivastava, A. L. Vishwakarma, C. G. Joshi, D. Kumar, and J. K. Jena (2023). Genome size estimation and its associations with body length, chromosome number and evolution in teleost fishes. Gene 864: 147294.","Gregory, T.R. (2024). Animal Genome Size Database. http://www.genomesize.com."
"Anas platyrhynchos","Sauria","Aves","Anseriformes","Anatidae",1457220000,"Krishan, A. P. Dandekar, N. Nathan, R. Hamelik, C. Miller, and J. Shaw (2005). DNA index, genome size, and electronic nuclear volume of vertebrates from the Miami Metro Zoo. Cytometry 65A: 26-34.","Gregory, T.R. (2024). Animal Genome Size Database. http://www.genomesize.com."
"Anolis carolinensis","Sauria","Reptilia","Squamata","Dactyloidae",1574580000,"De Smet, W.H.O. (1981). The nuclear Feulgen-DNA content of the vertebrates (especially reptiles), as measured by fluorescence cytophotometry, with notes on the cell and chromosome size. Acta Zoologica et Pathologica Antverpiensia 76: 119-167.","Gregory, T.R. (2024). Animal Genome Size Database. http://www.genomesize.com."
"Anser cygnoides","Sauria","Aves","Anseriformes","Anatidae",1.22e+09,"Zhang, Y., Ni, H., Xie, H., Yin, Y., Zheng, J., Dong, L., Diao, J., Yan, S., Yang, Y., Sun, H., & Sun, X. (2022). De novo assembly of a wild swan goose (Anser cygnoides) genome. Animal Genetics, 53(6), 878–880. https://doi.org/10.1111/age.13262",""
"Astyanax mexicanus","Actinopterygii","Actinopterygii","Characiformes","Characidae",1.4e+09,"Warren, W. C., Rice, E. S., Maggs X, Roback, E., Keene, A., Martin, F., Denye Ogeh, Haggerty, L., Carroll, R. A., McGaugh, S., & Rohner, N. (2024). Astyanax mexicanus surface and cavefish chromosome-scale assemblies for trait variation discovery. G3. https://doi.org/10.1093/g3journal/jkae103",""
"Balaenoptera musculus","Mammalia","Mammalia","Artiodactyla","Balaenoptera",2.7e+09,"Bukhman, Y. V., Morin, P. A., Meyer, S., Chu, L.-F., Jacobsen, J. K., Antosiewicz-Bourget, J., Mamott, D., Gonzales, M., Argus, C., Bolin, J., Berres, M. E., Olivier Fedrigo, Steill, J., Swanson, S. A., Jiang, P., Arang Rhie, Giulio Formenti, Phillippy, A. M., Harris, R. S., & Wood, J. M. D. (2024). A high-quality blue whale genome, segmental duplications, and historical demography. Molecular Biology and Evolution. https://doi.org/10.1093/molbev/msae036",""
"Betta splendens","Actinopterygii","Actinopterygii","Anabantiformes","Osphronemidae",616140000,"Hardie, D.C. and P.D.N. Hebert (2004). Genome-size evolution in fishes. Canadian Journal of Fisheries and Aquatic Sciences 61: 1636-1646.","Gregory, T.R. (2024). Animal Genome Size Database. http://www.genomesize.com."
"Bison bison bison","Mammalia","Mammalia","Artiodactyla","Bovidae",4792200000,"Eapen, K.J. and M.M. Raza Nasir (1964). Deoxyribonucleic acid in hariana, buffalo and ram semen - part I.. Indian Journal of Dairy Science 17: 107-108.","Gregory, T.R. (2024). Animal Genome Size Database. http://www.genomesize.com."
"Bos taurus","Mammalia","Mammalia","Artiodactyla","Bovidae",3618600000,"Vinogradov, A.E. (1998a). Genome size and GC-percent in vertebrates as determined by flow cytometry: the triangular relationship. Cytometry 31: 100-109.","Gregory, T.R. (2024). Animal Genome Size Database. http://www.genomesize.com."
"Bubo bubo","Sauria","Aves","Strigiformes","Strigidae",1985340000,"Krishan, A. P. Dandekar, N. Nathan, R. Hamelik, C. Miller, and J. Shaw (2005). DNA index, genome size, and electronic nuclear volume of vertebrates from the Miami Metro Zoo. Cytometry 65A: 26-34.","Gregory, T.R. (2024). Animal Genome Size Database. http://www.genomesize.com."
"Buteo japonicus","Sauria","Aves","Accipitriformes","Accipitridae",1496340000,"De Vita, R., D. Cavallo, P. Eleuteri, and G. Dell'Omo (1994). Evaluation of interspecific DNA content variations and sex identification in Falconiformes and Strigiformes by flow cytometric analysis. Cytometry 16: 346-350.",""
"Cairina moschata domestica","Sauria","Aves","Anseriformes","Anatidae",1310520000,"Wagenmann, M., J.T. Epplen, K. Bachmann, W. Engel, and J. Schmidke (1981). DNA sequence organisation in relation to genome size in birds. Experientia 37: 1274-1276.","Gregory, T.R. (2024). Animal Genome Size Database. http://www.genomesize.com."
"Calidris pugnax","Sauria","Aves","Charadriiformes","Scolopacidae",1.23e+09,"Lamichhaney, Sangeet, et al. “Structural Genomic Changes Underlie Alternative Reproductive Strategies in the Ruff (Philomachus Pugnax).” Nature Genetics, vol. 48, no. 1, 16 Nov. 2015, pp. 84–88, https://doi.org/10.1038/ng.3430.",""
"Callithrix jacchus","Mammalia","Mammalia","Primates","Callitrichidae",1.23e+09,"Pellicciari, C., D. Formenti, C.A. Redi, and M.G. Manfredi Romanini (1982). DNA content variability in primates. Journal of Human Evolution 11: 131-141.","Gregory, T.R. (2024). Animal Genome Size Database. http://www.genomesize.com."
"Camelus dromedarius","Mammalia","Mammalia","Artiodactyla","Camelidae",2562360000,"Krishan, A. P. Dandekar, N. Nathan, R. Hamelik, C. Miller, and J. Shaw (2005). DNA index, genome size, and electronic nuclear volume of vertebrates from the Miami Metro Zoo. Cytometry 65A: 26-34.","Gregory, T.R. (2024). Animal Genome Size Database. http://www.genomesize.com."
"Canis lupus dingo","Mammalia","Mammalia","Carnivora","Canidae",2.4e+09,"Ballard, W. O., Field, M. A., Edwards, R. J., Wilson, L. A. B., Koungoulos, L. G., Rosen, B. D., Chernoff, B., Dudchenko, O., Omer, A., Jens Keilwagen, Ksenia Skvortsova, Bogdanovic, O., Chan, E., Zammit, R., Hayes, V., & Erez Lieberman Aiden. (2023). The Australasian dingo archetype: de novo chromosome-length genome assembly, DNA methylome, and cranial morphology. Gigascience, 12. https://doi.org/10.1093/gigascience/giad018",""
"Canis lupus familiaris","Mammalia","Mammalia","Carnivora","Canidae",2816640000,"Vinogradov, A.E. (1998a). Genome size and GC-percent in vertebrates as determined by flow cytometry: the triangular relationship. Cytometry 31: 100-109.","Gregory, T.R. (2024). Animal Genome Size Database. http://www.genomesize.com."
"Capra hircus","Mammalia","Mammalia","Artiodactyla","Bovidae",3168720000,"Sumner, A.T. and R.A. Buckland (1976). Relative DNA contents of somatic nuclei of ox, sheep and goat. Chromosoma 57: 171-175.","Gregory, T.R. (2024). Animal Genome Size Database. http://www.genomesize.com."
"Carassius auratus","Actinopterygii","Actinopterygii","Cypriniformes","Cyprinidae",1643040000,"Hardie, D.C. and P.D.N. Hebert (2003). The nucleotypic effects of cellular DNA content in cartilaginous and ray-finned fishes. Genome 46: 683-706.","Gregory, T.R. (2024). Animal Genome Size Database. http://www.genomesize.com."
"Cavia porcellus","Mammalia","Mammalia","Rodentia","Caviidae",4009800000,"Gallardo, M.H., J.W. Bickham, G. Kausel, N. Köhler, and R.L. Honeycutt (2002). Gradual and quantum genome size shifts in the hystricognath rodents. Journal of Evolutionary Biology 16: 163-169.","Gregory, T.R. (2024). Animal Genome Size Database. http://www.genomesize.com."
"Cercocebus atys","Mammalia","Mammalia","Primates","Cercopithecidae",3657720000,"Pellicciari, C., D. Formenti, C.A. Redi, and M.G. Manfredi Romanini (1982). DNA content variability in primates. Journal of Human Evolution 11: 131-141.","Gregory, T.R. (2024). Animal Genome Size Database. http://www.genomesize.com."
"Chelydra serpentina","Sauria","Reptilia","Testudines","Chelydridae",2454780000,"Vinogradov, A.E. (1998a). Genome size and GC-percent in vertebrates as determined by flow cytometry: the triangular relationship. Cytometry 31: 100-109.","Gregory, T.R. (2024). Animal Genome Size Database. http://www.genomesize.com."
"Chinchilla lanigera","Mammalia","Mammalia","Rodentia","Chinchillidae",3872880000,"Bachmann, K. (1972). Genome size in mammals. Chromosoma 35: 85-93.","Gregory, T.R. (2024). Animal Genome Size Database. http://www.genomesize.com."
"Chlorocebus sabaeus","Mammalia","Mammalia","Primaes","Cercopithecidae",3951120000,"Manfredi Romanini, M.G., D. Formenti, C. Pellicciari, E. Ronchetti, and Y. Rumpler (1994). Possible meaning of C-heterochromatic DNA (ChDNA) in primates. Current Primatology, Vol. 1: Ecology and Evolution : 371-378.","Gregory, T.R. (2024). Animal Genome Size Database. http://www.genomesize.com."
"Chrysemys picta bellii","Sauria","Reptilia","Testudines","Emydidae",2513460000,"Vinogradov, A.E. (1998a). Genome size and GC-percent in vertebrates as determined by flow cytometry: the triangular relationship. Cytometry 31: 100-109.","Gregory, T.R. (2024). Animal Genome Size Database. http://www.genomesize.com."
"Clupea harengus","Actinopterygii","Actinopterygii","Clupeiformes","Clupeidae",8.5e+08,"í Kongsstovu, S., Mikalsen, S.-O., Homrum, E. í, Jacobsen, J. A., Flicek, P., & Dahl, H. A. (2019). Using long and linked reads to improve an Atlantic herring (Clupea harengus) genome assembly. Scientific Reports, 9(1), 17716. https://doi.org/10.1038/s41598-019-54151-9",""
"Coturnix japonica","Sauria","Aves","Galliformes","Phasianidae",1378980000,"Nakamura, D., T.R. Tiersch, M. Douglass, and R.W. Chandler (1990). Rapid identification of sex in birds by flow cytometry. Cytogenetics and Cell Genetics 53: 201-205.","Gregory, T.R. (2024). Animal Genome Size Database. http://www.genomesize.com."
"Cynoglossus semilaevis","Actinopterygii","Actinopterygii","Pleuronectiformes","Cynoglossidae",6.06e+08,"Wang, X., Zhang, Q., Sun, X., Chen, Y., Zhai, T., Zhuang, W., Qi, J., & Wang, Z. (2008). Fosmid Library Construction and Initial Analysis of End Sequences in Female Half-smooth Tongue Sole (Cynoglossus semilaevis). Marine Biotechnology, 11(2), 236–242. https://doi.org/10.1007/s10126-008-9137-2",""
"Cyprinus carpio carpio","Actinopterygii","Actinopterygii","Cypriniformes","Cyprinidae",1682160000,"Collares-Pereira, M.J. and L. Moreira da Costa (1999). Intraspecific and interspecific genome size variation in Iberian Cyprinidae and the problem of diploidy and polyploidy, with review of genome sizes within the family. Folia Zoologica 48: 61-76.","Gregory, T.R. (2024). Animal Genome Size Database. http://www.genomesize.com."
"Danio rerio","Actinopterygii","Actinopterygii","Cypriniformes","Cyprinidae",1643040000,"Ciudad, J., E. Cid, A. Velasco, J.M. Lara, J. Aijón, and A. Orfao (2002). Flow cytometry measurement of the DNA contents of G0/G1 diploid cells from three different teleost fish species. Cytometry 48: 20-25.","Gregory, T.R. (2024). Animal Genome Size Database. http://www.genomesize.com."
"Dasypus novemcinctus","Mammalia","Mammalia","Cingulata","Dasypodidae",5290980000,"Redi, C.A., H. Zacharias, S. Merani, M. Oliveira-Miranda, M. Aguilera, M. Zuccotti, S. Garagna, and E. Capanna (2005). Genome sizes in Afrotheria, Xenartha, Euarchontoglires, and Laurasiatheria. Journal of Heredity 96: 485-493.","Gregory, T.R. (2024). Animal Genome Size Database. http://www.genomesize.com."
"Delphinapterus leucas","Mammalia","Mammalia","Artiodactyla","Monodontidae",3471900000,"Oziolor, E. M., T. R. Gregory, J. W. Bickham, J. St. Leger, and C. W. Matson (2019). Cetacean genome size diversity. Marine Mammal Science 35: 1133-1140.","Gregory, T.R. (2024). Animal Genome Size Database. http://www.genomesize.com."
"Dicentrarchus labrax","Actinopterygii","Actinopterygii","Moroniformes","Moronidae",762840000,"Peruzzi, S., B. Chatain, and B. Menu (2005). Flow cytometric determination of genome size in European seabass (Dicentrarchus labrax), gilthead seabream (Sparus aurata), thinlip mullet (Liza ramada), and European eel (Anguilla anguilla). Aquatic Living Resources 18: 77-81.","Gregory, T.R. (2024). Animal Genome Size Database. http://www.genomesize.com."
"Dipodomys ordii","Mammalia","Mammalia","Rodentia","Heteromyidae",4616160000,"Hatch, F.T., A.J. Bodner, J.A. Mazrimas, and D.H. Moore (1976). Satellite DNA and cytogenetic evolution: DNA quantity, satellite DNA and karyotypic variations in kangaroo rats (Genus Dipodomys). Chromosoma 58: 155-168.","Gregory, T.R. (2024). Animal Genome Size Database. http://www.genomesize.com."
"Dromaius novaehollandiae","Sauria","Aves","Casuariiformes","Casuariidae",1594140000,"Nakamura, D., T.R. Tiersch, M. Douglass, and R.W. Chandler (1990). Rapid identification of sex in birds by flow cytometry. Cytogenetics and Cell Genetics 53: 201-205.","Gregory, T.R. (2024). Animal Genome Size Database. http://www.genomesize.com."
"Electrophorus electricus","Actinopterygii","Actinopterygii","Gymnotiformes","Gymnotidae",7.99e+08,"Cheng, F., Dennis, A. B., Ijeoma Osuoha, J., Canitz, J., Kirschbaum, F., & Tiedemann, R. (2023). A new genome assembly of an African weakly electric fish (Campylomormyrus compressirostris, Mormyridae) indicates rapid gene family evolution in Osteoglossomorpha. BMC Genomics, 24(1). https://doi.org/10.1186/s12864-023-09196-6",""
"Eptatretus burgeri","Others","Myxini","Myxiniformes","Myxinidae",2914440000,"Nakai, Y., S. Kubota, Y. Goto, T. Ishibashi, W. Davison, and S. Kohno (1995). Chromosome elimination in three Baltic, south Pacific and north-east Pacific hagfish species. Chromosome Research 3: 321-330.","Gregory, T.R. (2024). Animal Genome Size Database. http://www.genomesize.com."
"Equus asinus","Mammalia","Mammalia","Perissodactyla","Equidae",4029360000,"Vialli, M. and G. Gerzeli (1955). Il tenore di acide desossiribonucleico nei linfociti dell'asino, del cavallo e del mulo. Rendiconti Instituto Lombardo Scienze e Lettere, Sezione B 88: 273-281.","Gregory, T.R. (2024). Animal Genome Size Database. http://www.genomesize.com."
"Equus caballus","Mammalia","Mammalia","Perissodactyla","Equidae",3080700000,"Tiersch, T.R., R.W. Chandler, S.S. Wachtel, and S. Elias (1989a). Reference standards for flow cytometry and application in comparative studies of nuclear DNA content. Cytometry 10: 706-710.","Gregory, T.R. (2024). Animal Genome Size Database. http://www.genomesize.com."
"Erpetoichthys calabaricus","Actinopterygii","Actinopterygii","Polypteriformes","Polypteridae",4792200000,"Hinegardner, R. (1976a). The cellular DNA content of sharks, rays and some other fishes. Comparative Biochemistry and Physiology 55B: 367-370.","Gregory, T.R. (2024). Animal Genome Size Database. http://www.genomesize.com."
"Esox lucius","Actinopterygii","Actinopterygii","Esociformes","Esocidae",1105140000,"Hardie, D.C. and P.D.N. Hebert (2004). Genome-size evolution in fishes. Canadian Journal of Fisheries and Aquatic Sciences 61: 1636-1646.","Gregory, T.R. (2024). Animal Genome Size Database. http://www.genomesize.com."
"Falco tinnunculus","Sauria","Aves","Falconiformes","falconidae",2601480000,"Venturini, G., D’Ambrogi, R., & Capanna, E. (1986). Size and structure of the bird genome—I DNA content of 48 species of neognathae. Comparative Biochemistry and Physiology Part B: Comparative Biochemistry, 85(1), 61–65. https://doi.org/10.1016/0305-0491(86)90221-x","Gregory, T.R. (2024). Animal Genome Size Database. http://www.genomesize.com."
"Felis catus","Mammalia","Mammalia","Carnivora","Felidae",2845980000,"Vinogradov, A.E. (1998a). Genome size and GC-percent in vertebrates as determined by flow cytometry: the triangular relationship. Cytometry 31: 100-109.","Gregory, T.R. (2024). Animal Genome Size Database. http://www.genomesize.com."
"Gadus morhua","Actinopterygii","Actinopterygii","Gadiformes","Gadidae",909540000,"Hardie, D.C. and P.D.N. Hebert (2003). The nucleotypic effects of cellular DNA content in cartilaginous and ray-finned fishes. Genome 46: 683-706.","Gregory, T.R. (2024). Animal Genome Size Database. http://www.genomesize.com."
"Gallus gallus","Sauria","Aves","Galliformes","Phasianidae",1251840000,"Kasai, F., P.C.M. O'Brien, and M.A. Ferguson-Smith (2012). Reassessment of genome size in turtle and crocodile based on chromosome measurement by flow karyotyping: close similarity to chicken. Biology Letters 8: 631-635.","Gregory, T.R. (2024). Animal Genome Size Database. http://www.genomesize.com."
"Gambusia affinis","Actinopterygii","Actinopterygii","Cyprinodontiformes","Poeciliidae",919320000,"Lamatsch, D.K., C. Steinlein, M. Schmid, and M. Schartl (2000). Noninvasive determination of genome size and ploidy level in fishes by flow cytometry: detection of triploid Poecilia formosa. Cytometry 39: 91-95.","Gregory, T.R. (2024). Animal Genome Size Database. http://www.genomesize.com."
"Gasterosteus aculeatus","Mammalia","Mammalia","Primates","Hominidae",567240000,"Vinogradov, A.E. (1998a). Genome size and GC-percent in vertebrates as determined by flow cytometry: the triangular relationship. Cytometry 31: 100-109.","Gregory, T.R. (2024). Animal Genome Size Database. http://www.genomesize.com."
"Gopherus evgoodei","Sauria","Reptilia","Testudines","Testudinidae",2.299e+09,"Çilingir, F. G., A’Bear, L., Hansen, D., Davis, L. R., Bunbury, N., Ozgul, A., Croll, D., & Grossen, C. (2022). Chromosome-level genome assembly for the Aldabra giant tortoise enables insights into the genetic health of a threatened population. GigaScience, 11. https://doi.org/10.1093/gigascience/giac090",""
"Gorilla gorilla","Mammalia","Mammalia","Primates","Hominidae",3442560000,"Krishan, A. P. Dandekar, N. Nathan, R. Hamelik, C. Miller, and J. Shaw (2005). DNA index, genome size, and electronic nuclear volume of vertebrates from the Miami Metro Zoo. Cytometry 65A: 26-34.","Gregory, T.R. (2024). Animal Genome Size Database. http://www.genomesize.com."
"Heterocephalus glaber","Mammalia","Mammalia","Rodentia","Heterocephalidae",2836200000,"Gallardo, M.H., J.W. Bickham, G. Kausel, N. Köhler, and R.L. Honeycutt (2002). Gradual and quantum genome size shifts in the hystricognath rodents. Journal of Evolutionary Biology 16: 163-169.","Gregory, T.R. (2024). Animal Genome Size Database. http://www.genomesize.com."
"Homo sapiens","Mammalia","Mammalia","Primates","Hominidae",3.423e+09,"Schoch CL, et al. NCBI Taxonomy: a comprehensive update on curation, resources and tools. Database (Oxford). 2020: baaa062. PubMed: 32761142 PMC: PMC7408187.",""
"Ictalurus punctatus","Actinopterygii","Actinopterygii","Siluriformes","Ictaluridae",1026900000,"Tiersch, T.R. and C.A. Goudie (1993). Inheritance and variation of genome size in half-sib families of hybrid catfishes. Journal of Heredity 84: 122-125.","Gregory, T.R. (2024). Animal Genome Size Database. http://www.genomesize.com."
"Kryptolebias marmoratus","Actinopterygii","Actinopterygii","Cyprinodontiformes","Rivulidae",755646977,"Rhee, J.-S., Choi, B.-S., Kim, J., Kim, B.-M., Lee, Y.-M., Kim, I.-C., Kanamori, A., Choi, I.-Y., Schartl, M., & Lee, J.-S. (2017). Diversity, distribution, and significance of transposable elements in the genome of the only selfing hermaphroditic vertebrate Kryptolebias marmoratus. Scientific Reports, 7(1), 40121. https://doi.org/10.1038/srep40121",""
"Larimichthys crocea","Actinopterygii","Actinopterygii","Acanthuriformes","Sciaenidae",708470000,"Chen, B., Zhou, Z., Ke, Q., Wu, Y., Bai, H., Pu, F., & Xu, P. (2019). The sequencing and de novo assembly of the Larimichthys crocea genome using PacBio and Hi-C technologies. Scientific Data, 6(1). https://doi.org/10.1038/s41597-019-0194-3",""
"Lates calcarifer","Actinopterygii","Actinopterygii","Perciformes","Latidae",684600000,"Hardie, D.C. and P.D.N. Hebert (2004). Genome-size evolution in fishes. Canadian Journal of Fisheries and Aquatic Sciences 61: 1636-1646.","Gregory, T.R. (2024). Animal Genome Size Database. http://www.genomesize.com."
"Lepisosteus oculatus","Actinopterygii","Actinopterygii","Lepisosteiformes","Lepisosteidae",1359420000,"Hardie, D.C. and P.D.N. Hebert (2004). Genome-size evolution in fishes. Canadian Journal of Fisheries and Aquatic Sciences 61: 1636-1646.","Gregory, T.R. (2024). Animal Genome Size Database. http://www.genomesize.com."
"Leptobrachium leishanense","Others","Amphibia","Anura","Megophryidae",3.56e+09,"Li, J., Yu, H., Wang, W., Fu, C., Zhang, W., Han, F., & Wu, H. (2019). Genomic and transcriptomic insights into molecular basis of sexually dimorphic nuptial spines in Leptobrachium leishanense. Nature Communications, 10(1). https://doi.org/10.1038/s41467-019-13531-5",""
"Lonchura striata domestica","Sauria","Aves","Passeriformes","Estrildidae",1388760000,"Tiersch, T.R. and S.S. Wachtel (1991). On the evolution of genome size of birds. Journal of Heredity 82: 363-368.","Gregory, T.R. (2024). Animal Genome Size Database. http://www.genomesize.com."
"Loxodonta africana","Mammalia","Mammalia","Proboscidea","Elephantidae",4352100000,"Kasai, F., P.C.M. O'Brien, and M.A. Ferguson-Smith (2013). Afrotheria genome: overestimation of genome size and distinct chromosome GC content revealed by flow karyotyping. Genomics 102: 468-471.","Gregory, T.R. (2024). Animal Genome Size Database. http://www.genomesize.com."
"Macaca fascicularis","Mammalia","Mammalia","Primates","Cercopithecidae",3374100000,"Formenti, D., S. Garagna, G.F. De Stefano, and C. Pellicciari (1983). Variazioni del contenuto nucleare in DNA negli Hominoidea. Antropologia Contemporanea 6: 219-224.","Gregory, T.R. (2024). Animal Genome Size Database. http://www.genomesize.com."
"Macaca mulatta","Mammalia","Mammalia","Primates","Cercopithecidae",3511020000,"Formenti, D., S. Garagna, G.F. De Stefano, and C. Pellicciari (1983). Variazioni del contenuto nucleare in DNA negli Hominoidea. Antropologia Contemporanea 6: 219-224.","Gregory, T.R. (2024). Animal Genome Size Database. http://www.genomesize.com."
"Macaca nemestrina","Mammalia","Mammalia","Primates","Cercopithecidae",3481680000,"Pellicciari, C., D. Formenti, C.A. Redi, and M.G. Manfredi Romanini (1982). DNA content variability in primates. Journal of Human Evolution 11: 131-141.","Gregory, T.R. (2024). Animal Genome Size Database. http://www.genomesize.com."
"Malurus cyaneus samueli","Sauria","Aves","Passeriformes","Maluridae",1.07e+09,"Peñalba, J. V., Deng, Y., Fang, Q., Joseph, L., Moritz, C., & Cockburn, A. (2020a). Genome of an iconic Australian bird: High?quality assembly and linkage map of the superb fairy?wren (Malurus cyaneus). Molecular Ecology Resources, 20(2), 560–578. https://doi.org/10.1111/1755-0998.13124",""
"Mastacembelus armatus","Actinopterygii","Actinopterygii","Synbranchiformes","Mastacembelidae",674820000,"Kushwaha, B., N. S. Nagpure, S. Srivastava, M. Pandey, R. Kumar, S. Raizada, S. Agarwal, M. Singh, V. S. Basheer, R. G. Kumar, P. Das, S. P. Das, S. Patnaik, A. Bit, S. K. Srivastava, A. L. Vishwakarma, C. G. Joshi, D. Kumar, and J. K. Jena (2023). Genome size estimation and its associations with body length, chromosome number and evolution in teleost fishes. Gene 864: 147294.","Gregory, T.R. (2024). Animal Genome Size Database. http://www.genomesize.com."
"Meleagris gallopavo","Sauria","Aves","Galliformes","Phasianidae",1281180000,"Krishan, A. P. Dandekar, N. Nathan, R. Hamelik, C. Miller, and J. Shaw (2005). DNA index, genome size, and electronic nuclear volume of vertebrates from the Miami Metro Zoo. Cytometry 65A: 26-34.","Gregory, T.R. (2024). Animal Genome Size Database. http://www.genomesize.com."
"Melopsittacus undulatus","Sauria","Aves","Psittaciformes","Psittaculidae",1193160000,"Andrews, C.B. and T.R. Gregory (2009). Genome size is inversely correlated with relative brain size in parrots and cockatoos. Genome 52: 261-267.","Gregory, T.R. (2024). Animal Genome Size Database. http://www.genomesize.com."
"Mesocricetus auratus","Mammalia","Mammalia","Rodentia","Cricetidae",3354540000,"Vinogradov, A.E. (1998a). Genome size and GC-percent in vertebrates as determined by flow cytometry: the triangular relationship. Cytometry 31: 100-109.","Gregory, T.R. (2024). Animal Genome Size Database. http://www.genomesize.com."
"Microcebus murinus","Mammalia","Mammalia","Primates","Cheirogaleidae",3051360000,"Pellicciari, C., D. Formenti, C.A. Redi, and M.G. Manfredi Romanini (1982). DNA content variability in primates. Journal of Human Evolution 11: 131-141.","Gregory, T.R. (2024). Animal Genome Size Database. http://www.genomesize.com."
"Microtus ochrogaster","Mammalia","Mammalia","Rodentia","Cricetidae",2806860000,"Schmid, W. and M.F. Leppert (1968). Karyotyp, Heterochromatin und DNS-Werte bei 13 Arten von Wühlmäusen (Microtinae, Mammalia-Rodentia). Archiv der Julius Klaus - Stiftung für Verebungsforschung 43: 88-91.","Gregory, T.R. (2024). Animal Genome Size Database. http://www.genomesize.com."
"Mola mola","Actinopterygii","Actinopterygii","Tetraodontiformes","Molidae",821520000,"Brainerd, E.L., S.S. Slutz, E.K. Hall, and R.W. Phillis (2001). Patterns of genome size evolution in tetraodontiform fishes. Evolution 55: 2363-2368.","Gregory, T.R. (2024). Animal Genome Size Database. http://www.genomesize.com."
"Monodelphis domestica","Mammalia","Mammalia","Didelphimorphia","Didelphidae",3.55e+09,"Mikkelsen, T. S., Wakefield, M. J., Aken, B., Amemiya, C. T., Chang, J. L., Duke, S., Garber, M., Gentles, A. J., Goodstadt, L., Heger, A., Jurka, J., Kamal, M., Mauceli, E., Searle, S. M. J., Sharpe, T., Baker, M. L., Batzer, M. A., Benos, P. V., Belov, K., & Clamp, M. (2007). Genome of the marsupial Monodelphis domestica reveals innovation in non-coding sequences. Nature, 447(7141), 167–177. https://doi.org/10.1038/nature05805",""
"Mus caroli","Mammalia","Mammalia","Rodentia","Muridae",2953560000,"Redi, C.A., H. Zacharias, S. Merani, M. Oliveira-Miranda, M. Aguilera, M. Zuccotti, S. Garagna, and E. Capanna (2005). Genome sizes in Afrotheria, Xenartha, Euarchontoglires, and Laurasiatheria. Journal of Heredity 96: 485-493.","Gregory, T.R. (2024). Animal Genome Size Database. http://www.genomesize.com."
"Mus musculus","Mammalia","Mammalia","Rodentia","Muridae",3178500000,"Vinogradov, A.E. (1998a). Genome size and GC-percent in vertebrates as determined by flow cytometry: the triangular relationship. Cytometry 31: 100-109.","Gregory, T.R. (2024). Animal Genome Size Database. http://www.genomesize.com."
"Mus spretus","Mammalia","Mammalia","Rodentia","Muridae",3599040000,"Redi, C.A., H. Zacharias, S. Merani, M. Oliveira-Miranda, M. Aguilera, M. Zuccotti, S. Garagna, and E. Capanna (2005). Genome sizes in Afrotheria, Xenartha, Euarchontoglires, and Laurasiatheria. Journal of Heredity 96: 485-493.","Gregory, T.R. (2024). Animal Genome Size Database. http://www.genomesize.com."
"Mustela putorius furo","Mammalia","Mammalia","Carnivora","Mustelidae",2748180000,"Krishan, A. P. Dandekar, N. Nathan, R. Hamelik, C. Miller, and J. Shaw (2005). DNA index, genome size, and electronic nuclear volume of vertebrates from the Miami Metro Zoo. Cytometry 65A: 26-34.","Gregory, T.R. (2024). Animal Genome Size Database. http://www.genomesize.com."
"Myotis lucifugus","Mammalia","Mammalia","Chiroptera","Vespertilionidae",2210280000,"Smith, J.D.L., J.W. Bickham, and T.R. Gregory (2013). Patterns of genome size diversity in bats (order Chiroptera). Genome 56: 457–472.","Gregory, T.R. (2024). Animal Genome Size Database. http://www.genomesize.com."
"Naja naja","Sauria","Reptilia","Squamata","Elapidae",1.48e+09,"Li, A., Wang, J., Sun, K., Wang, S., Zhao, X., Wang, T., Xiong, L., Xu, W., Qiu, L., Shang, Y., Liu, R., Wang, S., & Lu, Y. (2021). Two Reference-Quality Sea Snake Genomes Reveal Their Divergent Evolution of Adaptive Traits and Venom Systems. Molecular Biology and Evolution. https://doi.org/10.1093/molbev/msab212",""
"Neogobius melanostomus","Actinopterygii","Actinopterygii","Gobiiformes","Gobiidae",1242060000,"Hardie, D.C. and P.D.N. Hebert (2003). The nucleotypic effects of cellular DNA content in cartilaginous and ray-finned fishes. Genome 46: 683-706.","Gregory, T.R. (2024). Animal Genome Size Database. http://www.genomesize.com."
"Neovison vison","Mammalia","Mammalia","Carnivora","Mustelidae",2.7e+09,"Skorupski, J. 70 years of research on the American mink (Neovison vison schreb., 1777) genetics - where are we now? Genetika 47, 357–373 (2015).",""
"Nothobranchius furzeri","Actinopterygii","Actinopterygii","Cyprinodontiformes","Nothobranchiidae",1525680000,"Reichwald, K., C. Lauber, I. Nanda, J. Kirschner, N. Hartmann, S. Schories, U. Gausmann, S. Taudien, M.B. Schilhabel, K. Szafranski, G. Glockner, M. Schmid, A. Cellerino, M. Schartl, C. Englert, and M. Platzer (2009). High tandem repeat content in the genome of the short-lived annual fish Nothobranchius furzeri: a new vertebrate model for aging research. Genome Biology 10: R16.","Gregory, T.R. (2024). Animal Genome Size Database. http://www.genomesize.com."
"Numida meleagris","Sauria","Aves","Galliformes","Numididae",1212720000,"Wright, N.A., T.R. Gregory, and C.C. Witt (2014). Metabolic \‘engines\’ of flight drive genome size reduction in birds. Proceedings of the Royal Society of London B 281: .","Gregory, T.R. (2024). Animal Genome Size Database. http://www.genomesize.com."
"Octodon degus","Mammalia","Mammalia","Rodentia","Octodontidae",4205400000,"Gallardo, M.H., J.W. Bickham, G. Kausel, N. Köhler, and R.L. Honeycutt (2002). Gradual and quantum genome size shifts in the hystricognath rodents. Journal of Evolutionary Biology 16: 163-169.","Gregory, T.R. (2024). Animal Genome Size Database. http://www.genomesize.com."
"Oncorhynchus kisutch","Actinopterygii","Actinopterygii","Salmoniformes","Salmonidae",2542800000,"Johnson, O.W., F.M. Utter, and P.S. Rabinovitch (1987). Interspecies differences in salmonid cellular DNA identified by flow cytometry. Copeia 1987: 1001-1009.","Gregory, T.R. (2024). Animal Genome Size Database. http://www.genomesize.com."
"Oncorhynchus mykiss","Actinopterygii","Actinopterygii","Salmoniformes","Salmonidae",2630820000,"Krishan, A. P. Dandekar, N. Nathan, R. Hamelik, C. Miller, and J. Shaw (2005). DNA index, genome size, and electronic nuclear volume of vertebrates from the Miami Metro Zoo. Cytometry 65A: 26-34.","Gregory, T.R. (2024). Animal Genome Size Database. http://www.genomesize.com."
"Oncorhynchus tshawytscha","Actinopterygii","Actinopterygii","Salmoniformes","Salmonidae",2396100000,"Hardie, D.C. and P.D.N. Hebert (2004). Genome-size evolution in fishes. Canadian Journal of Fisheries and Aquatic Sciences 61: 1636-1646.","Gregory, T.R. (2024). Animal Genome Size Database. http://www.genomesize.com."
"Oreochromis aureus","Actinopterygii","Actinopterygii","Cichliformes","Cichlidae",1183380000,"Majumdar, K.C. and B.J. McAndrew (1986). Relative DNA content of somatic nuclei and chromosomal studies in three genera, Tilapia, Saerodon, and Oreochromis of the tribe Tilapiini (Pisces, Cichlidae).. Genetica 68: 175-188.","Gregory, T.R. (2024). Animal Genome Size Database. http://www.genomesize.com."
"Oreochromis niloticus","Actinopterygii","Actinopterygii","Cichliformes","Cichlidae",968220000,"Cui, J., X. Ren, and Q. Yu (1991). Nuclear DNA content variation in fishes. Cytologia 56: 425-429.","Gregory, T.R. (2024). Animal Genome Size Database. http://www.genomesize.com."
"Ornithorhynchus anatinus","Mammalia","Mammalia","Monotremata","Ornithorhynchidae",2992680000,"Bick, Y.A.E. and W.D. Jackson (1967). DNA content of monotremes. Nature 215: 192-193.","Gregory, T.R. (2024). Animal Genome Size Database. http://www.genomesize.com."
"Oryctolagus cuniculus","Mammalia","Mammalia","Lagomorpha","Leporidae",3188280000,"Vinogradov, A.E. (1998a). Genome size and GC-percent in vertebrates as determined by flow cytometry: the triangular relationship. Cytometry 31: 100-109.","Gregory, T.R. (2024). Animal Genome Size Database. http://www.genomesize.com."
"Oryzias javanicus","Actinopterygii","Actinopterygii","Beloniformes","Adrianichthyidae",850860000,"Uwa, H. and A. Iwata (1981). Karyotype and cellular DNA content of Oryzias javanicus (Oryziatidae, Pisces). Chromosome Information Service 31: 24-26.","Gregory, T.R. (2024). Animal Genome Size Database. http://www.genomesize.com."
"Oryzias latipes","Actinopterygii","Actinopterygii","Beloniformes","Adrianichthyidae",1066020000,"Lamatsch, D.K., C. Steinlein, M. Schmid, and M. Schartl (2000). Noninvasive determination of genome size and ploidy level in fishes by flow cytometry: detection of triploid Poecilia formosa. Cytometry 39: 91-95.","Gregory, T.R. (2024). Animal Genome Size Database. http://www.genomesize.com."
"Oryzias melastigma","Actinopterygii","Actinopterygii","Beloniformes","Adrianichthyidae",6.77e+08,"Kim, H.-S., Lee, B.-Y., Han, J., Jeong, C.-B., Hwang, D.-S., Lee, M.-C., Kang, H.-M., Kim, D.-H., Lee, D., Kim, J., Choi, I.-Y., & Lee, J.-S. (2018). The genome of the marine medaka Oryzias melastigma. Molecular Ecology Resources, 18(3), 656–665. https://doi.org/10.1111/1755-0998.12769",""
"Ovis aries rambouillet","Mammalia","Mammalia","Artiodactyla","Bovidae",3227400000,"Sumner, A.T. and R.A. Buckland (1976). Relative DNA contents of somatic nuclei of ox, sheep and goat. Chromosoma 57: 171-175.","Gregory, T.R. (2024). Animal Genome Size Database. http://www.genomesize.com."
"Pan troglodytes","Mammalia","Mammalia","Primates","Hominidae",3383880000,"Krishan, A. P. Dandekar, N. Nathan, R. Hamelik, C. Miller, and J. Shaw (2005). DNA index, genome size, and electronic nuclear volume of vertebrates from the Miami Metro Zoo. Cytometry 65A: 26-34.","Gregory, T.R. (2024). Animal Genome Size Database. http://www.genomesize.com."
"Panthera leo","Mammalia","Mammalia","Carnivora","Felidae",2885100000,"Krishan, A. P. Dandekar, N. Nathan, R. Hamelik, C. Miller, and J. Shaw (2005). DNA index, genome size, and electronic nuclear volume of vertebrates from the Miami Metro Zoo. Cytometry 65A: 26-34.","Gregory, T.R. (2024). Animal Genome Size Database. http://www.genomesize.com."
"Panthera pardus","Mammalia","Mammalia","Carnivora","Felidae",2.44e+09,"Zhou, C., Liu, Y., Zhang, R., Zheng, X., Zhao, G., Li, F., Liu, W., Yue, B., & Yang, N. (2022). Chromosome-level Genome Assembly of the High-altitude Leopard (Panthera pardus) Sheds Light on Its Environmental Adaptation. Genome Biology and Evolution, 14(9). https://doi.org/10.1093/gbe/evac128",""
"Panthera tigris altaica","Mammalia","Mammalia","Carnivora","Felidae",2523240000,"E.M. Rasch. Unpublished Data","Gregory, T.R. (2024). Animal Genome Size Database. http://www.genomesize.com."
"Parus major","Sauria","Aves","Passeriformes","Paridae",1476780000,"De Smet, W.H.O. (1981). The nuclear Feulgen-DNA content of the vertebrates (especially reptiles), as measured by fluorescence cytophotometry, with notes on the cell and chromosome size. Acta Zoologica et Pathologica Antverpiensia 76: 119-167.","Gregory, T.R. (2024). Animal Genome Size Database. http://www.genomesize.com."
"Pelusios castaneus","Sauria","Reptilia","Testudines","Pelomedusidae",2.04e+09,"Mira-Jover, A., Gracia, E., Giminez, A., Fritz, U., Rodriguez-Caro, R. C., & Bourgeois, Y. (2024). Taking advantage of reference-guided assembly in a slowly-evolving lineage: application to Testudo graeca. https://doi.org/10.1101/2024.04.25.591224",""
"Periophthalmus magnuspinnatus","Actinopterygii","Actinopterygii","Gobiiformes","Oxudercidae",7.73e+08,"Huang, Y., Huang, Y., Li, R., Xu, P., You, X., Lv, Y., Ruan, Z., Chen, J., Xu, J., & Shi, Q. (2023). Genomics comparisons of three chromosome-level mudskipper genome assemblies reveal molecular clues for water-to-land evolution and adaptation. Journal of Advanced Research. https://doi.org/10.1016/j.jare.2023.05.005",""
"Peromyscus maniculatus bairdii","Mammalia","Mammalia","Rodentia","Cricetidae",4264080000,"Deaven, L.L., L. Vidal-Rioja, J.H. Jett, and T.C. Hsu (1977). Chromosomes of Peromyscus (Rodentia, Cricetidae). VI. The genomic size.. Cytogenetics and Cell Genetics 19: 241-249.","Gregory, T.R. (2024). Animal Genome Size Database. http://www.genomesize.com."
"Phascolarctos cinereus","Mammalia","Mammalia","Diprotodontia","Phascolarctidae",3608820000,"Martin, P.G. and D.L. Hayman (1967). Quantitative comparisons between the karyotypes of Australian marsupials from three different superfamilies. Chromosoma 20: 290-310.","Gregory, T.R. (2024). Animal Genome Size Database. http://www.genomesize.com."
"Phasianus colchicus","Sauria","Aves","Galliformes","Phaesianidae",1232280000,"Tiersch, T.R. and S.S. Wachtel (1991). On the evolution of genome size of birds. Journal of Heredity 82: 363-368.","Gregory, T.R. (2024). Animal Genome Size Database. http://www.genomesize.com."
"Physeter catodon","Mammalia","Mammalia","Artiodactyla","Physeteridae",3364320000,"Oziolor, E. M., T. R. Gregory, J. W. Bickham, J. St. Leger, and C. W. Matson (2019). Cetacean genome size diversity. Marine Mammal Science 35: 1133-1140.",""
"Podarcis muralis","Sauria","Reptilia","Squamata","Lacertidae",1662600000,"Vinogradov, A.E. (1998a). Genome size and GC-percent in vertebrates as determined by flow cytometry: the triangular relationship. Cytometry 31: 100-109.","Gregory, T.R. (2024). Animal Genome Size Database. http://www.genomesize.com."
"Poecilia reticulata","Actinopterygii","Actinopterygii","Cyprinodontiformes","Poeciliidae",9.78e+08,"Vinogradov, A.E. (1998a). Genome size and GC-percent in vertebrates as determined by flow cytometry: the triangular relationship. Cytometry 31: 100-109.","Gregory, T.R. (2024). Animal Genome Size Database. http://www.genomesize.com."
"Pogona vitticeps","Sauria","Reptilia","Squamata","Agamidae",1770180000,"MacCulloch, R.D., D.E. Upton, and R.W. Murphy (1996). Trends in nuclear DNA content among amphibians and reptiles. Comparative Biochemistry and Physiology 113B: 601-605.","Gregory, T.R. (2024). Animal Genome Size Database. http://www.genomesize.com."
"Rattus norvegicus","Mammalia","Mammalia","Rodentia","Muridae",2982900000,"Vinogradov, A.E. (1998a). Genome size and GC-percent in vertebrates as determined by flow cytometry: the triangular relationship. Cytometry 31: 100-109.","Gregory, T.R. (2024). Animal Genome Size Database. http://www.genomesize.com."
"Rhinolophus ferrumequinum","Mammalia","Mammalia","Chiroptera","Rhinolophidae",2621040000,"Kato, H., M. Harada, K. Tsuchiya, and K. Moriwaki (1980). Absence of correlation between DNA repair in ultraviolet irradiated mammalian cells and life span of the donor species. Japanese Journal of Genetics 55: 99-108.","Gregory, T.R. (2024). Animal Genome Size Database. http://www.genomesize.com."
"Rhinopithecus bieti","Mammalia","Mammalia","Primates","Cercopithecidae",3.52e+09,"Yu, L., Wang, G.-D., Ruan, J., Chen, Y.-B., Yang, C.-P., Cao, X., Wu, H., Liu, Y.-H., Du, Z.-L., Wang, X.-P., Yang, J., Cheng, S.-C., Zhong, L., Wang, L., Wang, X., Hu, J.-Y., Fang, L., Bai, B., Wang, K.-L., & Yuan, N. (2016). Genomic analysis of snub-nosed monkeys (Rhinopithecus) identifies genes and processes related to high-altitude adaptation. Nature Genetics, 48(8), 947–952. https://doi.org/10.1038/ng.3615",""
"Salarias fasciatus","Actinopterygii","Actinopterygii","Blenniiformes","Blenniidae",811740000,"Hardie, D.C. and P.D.N. Hebert (2004). Genome-size evolution in fishes. Canadian Journal of Fisheries and Aquatic Sciences 61: 1636-1646.","Gregory, T.R. (2024). Animal Genome Size Database. http://www.genomesize.com."
"Salmo salar","Actinopterygii","Actinopterygii","Salmoniformes","Salmonidae",3198060000,"Hardie, D.C. and P.D.N. Hebert (2004). Genome-size evolution in fishes. Canadian Journal of Fisheries and Aquatic Sciences 61: 1636-1646.","Gregory, T.R. (2024). Animal Genome Size Database. http://www.genomesize.com."
"Salmo trutta","Actinopterygii","Actinopterygii","Salmoniformes","Salmonidae",3080700000,"Alfei, L., D. Cavallo, P. Eleuteri, M.G. Grollino, P.T. Colombari, A. Ferri, A. Onali, and R. De Vita (1996). Nuclear DNA content in Salmo fibreni in Lake Posta Fibreno, Italy. Journal of Fish Biology 48: 1051-1058.","Gregory, T.R. (2024). Animal Genome Size Database. http://www.genomesize.com."
"Salvator merianae","Sauria","Reptilia","Squamata","Teiidae",1904500000,"Roscito, J. G., Sameith, K., Pippel, M., Francoijs, K.-J., Winkler, S., Dahl, A., Papoutsoglou, G., Myers, G., & Hiller, M. (2018). The genome of the tegu lizardSalvator merianae: combining Illumina, PacBio, and optical mapping data to generate a highly contiguous assembly. GigaScience, 7(12). https://doi.org/10.1093/gigascience/giy141",""
"Sander lucioperca","Actinopterygii","Actinopterygii","Perciformes","Percidae",1114920000,"Vinogradov, A.E. (1998a). Genome size and GC-percent in vertebrates as determined by flow cytometry: the triangular relationship. Cytometry 31: 100-109.","Gregory, T.R. (2024). Animal Genome Size Database. http://www.genomesize.com."
"Sarcophilus harrisii","Mammalia","Mammalia","Dasyuromorphia","Dasyuridae",2924220000,"Murchison, E.P., O.B. Schulz-Trieglaff, Z. Ning, L.B. Alexandrov, M.J. bauer, B. Fu, M. Hims, Z. Ding, S. Ivakhno, C. Stewart, B.L. Ng, W. Wong, B. Aken, S. White, A. Alsop, J. Becq, G.R. Bignell, R.K. Cheetham, W. Cheng, T.R. Connor, A.J. Cox, Z.-P. Feng (2012). Genome sequencing and analysis of the Tasmanian devil and its transmissible cancer. Cell 148: 780-791.","Gregory, T.R. (2024). Animal Genome Size Database. http://www.genomesize.com."
"Scleropages formosus","Actinopterygii","Actinopterygii","Osteoglossiformes","Osteoglossidae",8.9e+08,"Bian, C., Hu, Y., Ravi, V., Kuznetsova, I. S., Shen, X., Mu, X., Sun, Y., You, X., Li, J., Li, X., Qiu, Y., Tay, B.-H., Thevasagayam, N. M., Komissarov, A. S., Trifonov, V., Kabilov, M., Tupikin, A., Luo, J., Liu, Y., & Song, H. (2016). The Asian arowana (Scleropages formosus) genome provides new insights into the evolution of an early lineage of teleosts. Scientific Reports, 6(1). https://doi.org/10.1038/srep24501",NA
"Scophthalmus maximus","Actinopterygii","Actinopterygii","Pleuroneciformes","Scophthalmidae",560500000,"Xu, X., Shao, C., Xu, H., Zhou, Q., You, F., Wang, N., Li, W., Li, M., & Chen, S. (2020). Draft genomes of female and male turbot Scophthalmus maximus. Scientific Data, 7(1), 90. https://doi.org/10.1038/s41597-020-0426-6","Gregory, T.R. (2024). Animal Genome Size Database. http://www.genomesize.com."
"Serinus canaria","Sauria","Aves","Passeriformes","Fringillidae",1506120000,"De Smet, W.H.O. (1981). The nuclear Feulgen-DNA content of the vertebrates (especially reptiles), as measured by fluorescence cytophotometry, with notes on the cell and chromosome size. Acta Zoologica et Pathologica Antverpiensia 76: 119-167.","Gregory, T.R. (2024). Animal Genome Size Database. http://www.genomesize.com."
"Seriola dumerili","Actinopterygii","Actinopterygii","Carangiformes","Carangidae",723720000,"Hardie, D.C. and P.D.N. Hebert (2004). Genome-size evolution in fishes. Canadian Journal of Fisheries and Aquatic Sciences 61: 1636-1646.","Gregory, T.R. (2024). Animal Genome Size Database. http://www.genomesize.com."
"Sparus aurata","Actinopterygii","Actinopterygii","Spariformes","Sparidae",929100000,"Peruzzi, S., B. Chatain, and B. Menu (2005). Flow cytometric determination of genome size in European seabass (Dicentrarchus labrax), gilthead seabream (Sparus aurata), thinlip mullet (Liza ramada), and European eel (Anguilla anguilla). Aquatic Living Resources 18: 77-81.","Gregory, T.R. (2024). Animal Genome Size Database. http://www.genomesize.com."
"Sphenodon punctatus","Sauria","Reptilia","Rhynchocephalia","Sphenodontidae",4.89e+09,"Olmo, E. (1981). Evolution of genome size and DNA base composition in reptiles. Genetica 57: 39-50.","Gregory, T.R. (2024). Animal Genome Size Database. http://www.genomesize.com."
"Strigops habroptila","Sauria","Aves","Psittaciformes","Strigopidae",1281180000,"Andrews, C.B. and T.R. Gregory (2009). Genome size is inversely correlated with relative brain size in parrots and cockatoos. Genome 52: 261-267.","Gregory, T.R. (2024). Animal Genome Size Database. http://www.genomesize.com."
"Strix occidentalis caurina","Sauria","Aves","Strigiformes","Strigidae",1.29e+09,"Hanna, Z. R., Henderson, J. B., Wall, J. D., Emerling, C. A., Fuchs, J., Runckel, C., Mindell, D. P., Bowie, R. C. K., DeRisi, J. L., & Dumbacher, J. P. (2017). Northern Spotted Owl (Strix occidentalis caurina) Genome: Divergence with the Barred Owl (Strix varia) and Characterization of Light-Associated Genes. Genome Biology and Evolution, 9(10), 2522–2545. https://doi.org/10.1093/gbe/evx158",""
"Struthio camelus australis","Sauria","Aves","Struthioniformes","Struthionidae",2112480000,"Eden, F.C., J.P. Hendrick, and S.S. Gottlieb (1978). Homology of single copy and repeated sequences in chicken, duck, Japanese quail, and ostrich DNA. Biochemistry 17: 5113-5121.","Gregory, T.R. (2024). Animal Genome Size Database. http://www.genomesize.com."
"Sus scrofa","Mammalia","Mammalia","Artiodactyla","Suidae",3139380000,"Vinogradov, A.E. (1998a). Genome size and GC-percent in vertebrates as determined by flow cytometry: the triangular relationship. Cytometry 31: 100-109. ","Gregory, T.R. (2024). Animal Genome Size Database. http://www.genomesize.com."
"Taeniopygia guttata","Sauria","Aves","Passeriformes","Estrildidae",1222500000,"Peterson, D.G., S.M. Stack, J.L. Healy, B.S. Donohoe, and L.K. Anderson (1994). The relationship between synaptonemal complex length and genome size in four vertebrate classes (Osteichthyes, Reptilia, Aves, Mammalia). Chromosome Research 2: 153-162.","Gregory, T.R. (2024). Animal Genome Size Database. http://www.genomesize.com."
"Takifugu rubripes","Actinopterygii","Actinopterygii","Tetraodontiformes","Tetraodontidae",391200000,"Brenner, S., G. Elgar, R. Sandford, A. Macrae, B. Venkatesh, and S. Aparicio (1993). Characterization of the pufferfish (Fugu) genome as a compact model vertebrate genome. Nature 366: 265-268.","Gregory, T.R. (2024). Animal Genome Size Database. http://www.genomesize.com."
"Terrapene carolina triunguis","Sauria","Reptilia","Testudines","Emydidae",2533020000,"Vinogradov, A.E. (1998a). Genome size and GC-percent in vertebrates as determined by flow cytometry: the triangular relationship. Cytometry 31: 100-109.","Gregory, T.R. (2024). Animal Genome Size Database. http://www.genomesize.com."
"Tetraodon nigroviridis","Actinopterygii","Actinopterygii","Tetraodontiformes","Tetraodontidae",342300000,"Jaillon, O., J.-M. Aury, F. Brunet, J.-L. Petit, N. Strange-Thomann, E. Mauceli et al. (2004). Genome duplication in the teleost fish Tetraodon nigroviridis reveals the early vertebrate proto-karyotype. Nature 431: 946-957.","Gregory, T.R. (2024). Animal Genome Size Database. http://www.genomesize.com."
"Ursus thibetanus thibetanus","Mammalia","Mammalia","Carnivora","Ursidae",2.36e+09,"Zhu, C., Xu, W., Li, J., Liu, C., Hu, M., Yuan, Y., Yuan, K., Zhang, Y., Song, X., Han, J., & Cui, X. (2020). Draft Genome Assembly for the Tibetan Black Bear (Ursus thibetanus thibetanus). Frontiers in Genetics, 11. https://doi.org/10.3389/fgene.2020.00231",""
"Varanus komodoensis","Sauria","Reptilia","Squamata","Varanidae",1887540000,"Krishan, A. P. Dandekar, N. Nathan, R. Hamelik, C. Miller, and J. Shaw (2005). DNA index, genome size, and electronic nuclear volume of vertebrates from the Miami Metro Zoo. Cytometry 65A: 26-34.","Gregory, T.R. (2024). Animal Genome Size Database. http://www.genomesize.com."
"Vombatus ursinus","Mammalia","Mammalia","Diprotodontia","Vombatidae",3902220000,"Martin, P.G. and D.L. Hayman (1967). Quantitative comparisons between the karyotypes of Australian marsupials from three different superfamilies. Chromosoma 20: 290-310.","Gregory, T.R. (2024). Animal Genome Size Database. http://www.genomesize.com."
"Vulpes vulpes","Mammalia","Mammalia","Carnivora","Canidae",2787300000,"Wurster-Hill, D.H., O.G. Ward, B.H. Davis, J.P. Park, R.K. Moyzis, and J. Meyne (1988). Fragile sites, telomeric DNA sequences, B chromosomes, and DNA content in raccoon dogs, Nyctereutes procyonoides, with comparative notes on foxes, coyote, wolf, and raccoon. Cytogenetics and Cell Genetics 49: 278-281.","Gregory, T.R. (2024). Animal Genome Size Database. http://www.genomesize.com."
"Xiphophorus couchianus","Actinopterygii","Actinopterygii","Cyprinodontiformes","Poeciliidae",733500000,"Tiersch, T.R. and R.W. Chandler (1989). Chicken erythrocytes as an internal reference for analysis of DNA content by flow cytometry in grass carp. Transactions of the American Fisheries Society 118: 713-717.","Gregory, T.R. (2024). Animal Genome Size Database. http://www.genomesize.com."
"Xiphophorus maculatus","Actinopterygii","Actinopterygii","Cyprinodontiformes","Poeciliidae",968220000,"Lamatsch, D.K., C. Steinlein, M. Schmid, and M. Schartl (2000). Noninvasive determination of genome size and ploidy level in fishes by flow cytometry: detection of triploid Poecilia formosa. Cytometry 39: 91-95.","Gregory, T.R. (2024). Animal Genome Size Database. http://www.genomesize.com."
"Zalophus californianus","Mammalia","Mammalia","Carnifora","Otariidae",3080700000,"Du, B. and D. Wang (2006). C-values of seven marine mammal species determined by flow cytometry. Zoological Science 23: 1017-1020.","Gregory, T.R. (2024). Animal Genome Size Database. http://www.genomesize.com."
"Zonotrichia albicollis","Sauria","Aves","Passeriformes","Passerellidae",1300740000,"Andrews, C.B., S.A. Mackenzie, and T.R. Gregory (2009). Genome size and wing parameters in passerine birds. Proceedings of the Royal Society of London B 276: 55-61.","Gregory, T.R. (2024). Animal Genome Size Database. http://www.genomesize.com."
